personid,age,gender
1710000501,9,2
1710000502,10,1
1710002401,6,3
1710002402,6,2
1710002403,1,4
1710005201,10,
1710005901,6,1
1710006001,10,1
1710010201,7,1
1710010801,6,2
1710010802,6,1
1710011101,9,2
1710011102,9,1
1710011103,4,1
1710011104,3,1
1710013701,7,2
1710014901,8,1
1710014902,8,2
1710014903,4,1
1710014904,3,1
1710017901,8,2
1710017902,9,1
1710017903,4,2
1710020301,7,2
1710020302,7,1
1710020303,1,1
1710020304,1,2
1710020801,6,2
1710020802,8,1
1710020803,3,2
1710022101,7,1
1710023101,10,1
1710023102,10,2
1710023301,10,1
1710023302,9,2
1710023801,11,1
1710023802,10,2
1710024801,7,1
1710025501,6,2
1710028001,7,2
1710029101,8,2
1710029102,5,2
1710030301,6,2
1710030302,6,1
1710032601,6,2
1710032602,6,1
1710034201,6,2
1710034202,6,2
1710037201,7,2
1710037202,7,1
1710041001,7,2
1710041101,6,1
1710041401,7,2
1710041402,7,1
1710041403,1,2
1710041801,7,1
1710041802,7,2
1710043301,6,2
1710043302,6,1
1710044101,9,2
1710044102,10,1
1710045801,8,1
1710047701,7,4
1710047702,6,4
1710047703,1,4
1710047704,1,4
1710048201,9,2
1710049201,10,2
1710050101,6,2
1710056301,7,1
1710056901,6,1
1710059001,5,2
1710062701,7,2
1710065201,6,1
1710065202,5,2
1710065203,1,2
1710065401,8,2
1710065402,8,1
1710065403,3,2
1710066301,6,1
1710067301,6,1
1710067302,-2,2
1710067501,8,2
1710068101,6,1
1710068102,6,2
1710071701,9,1
1710073901,8,2
1710073902,5,2
1710073903,12,2
1710076001,8,1
1710076002,8,2
1710076003,4,2
1710076004,5,1
1710076101,7,2
1710076102,7,1
1710076103,2,2
1710076104,2,1
1710078901,7,1
1710078902,7,2
1710078903,3,1
1710079401,7,2
1710079402,7,1
1710079403,7,1
1710080001,9,1
1710080701,9,1
1710081801,9,1
1710082201,9,1
1710082202,9,2
1710083401,5,2
1710083402,5,1
1710083601,8,1
1710083602,8,2
1710083603,2,2
1710083701,7,2
1710085901,6,1
1710085902,6,2
1710086801,8,2
1710086802,8,1
1710088901,6,2
1710089201,6,1
1710089202,6,2
1710090701,7,4
1710090801,8,1
1710092401,10,2
1710092402,7,1
1710092403,6,2
1710093901,7,1
1710093902,7,2
1710093903,1,1
1710093904,1,1
1710094201,7,2
1710095201,7,1
1710095202,5,2
1710095701,7,1
1710095702,7,1
1710096401,6,1
1710096402,6,2
1710098201,12,2
1710098401,8,2
1710098402,8,1
1710098403,5,1
1710098601,6,2
1710099201,7,1
1710101301,6,2
1710103101,6,1
1710103102,6,2
1710104201,8,1
1710106401,9,2
1710107901,5,2
1710108601,6,2
1710108602,6,1
1710108603,1,1
1710112801,9,1
1710112802,9,1
1710113001,7,2
1710117901,6,2
1710117902,6,1
1710121301,6,2
1710121302,6,1
1710122301,8,1
1710122302,8,2
1710122303,3,2
1710122304,3,2
1710122305,2,2
1710123601,10,1
1710124001,10,1
1710124002,10,2
1710125001,6,2
1710125002,6,1
1710126301,6,1
1710127501,9,2
1710129101,8,1
1710131901,6,1
1710132501,6,1
1710132502,6,2
1710133501,6,1
1710134401,10,2
1710134402,10,1
1710134403,3,1
1710137501,8,1
1710137502,7,2
1710137503,2,1
1710137504,1,2
1710137901,7,1
1710137902,7,2
1710137903,3,1
1710137904,2,1
1710138501,8,1
1710139101,8,2
1710139102,10,1
1710143601,10,1
1710143602,10,1
1710144801,11,2
1710144802,11,1
1710146901,7,1
1710146902,6,2
1710146903,3,1
1710148901,7,1
1710148902,7,2
1710150401,7,1
1710150402,7,2
1710150403,2,2
1710150404,1,2
1710151701,6,2
1710151702,5,1
1710154501,8,2
1710154502,4,2
1710159201,6,2
1710159202,6,1
1710159203,2,1
1710159204,1,1
1710160601,7,2
1710160602,8,2
1710161701,5,4
1710161901,6,1
1710162601,6,1
1710162602,6,2
1710163501,10,1
1710165701,11,1
1710166701,9,1
1710166702,9,2
1710166703,6,1
1710166704,5,1
1710168101,7,1
1710168102,7,2
1710168103,2,2
1710168104,2,1
1710168105,2,1
1710169201,6,2
1710169202,6,1
1710169701,6,2
1710169702,6,1
1710169703,1,1
1710169704,2,2
1710169801,7,2
1710169802,7,3
1710170401,7,1
1710170402,7,2
1710171401,7,1
1710172001,9,2
1710172002,11,1
1710174501,8,2
1710174502,5,2
1710174503,4,1
1710178501,8,1
1710179201,11,1
1710179202,10,2
1710185201,7,1
1710185202,7,2
1710185203,1,1
1710185204,1,2
1710185301,9,1
1710185302,9,2
1710185303,6,1
1710185501,6,1
1710186701,6,2
1710187301,6,1
1710187302,6,2
1710188201,9,1
1710188601,8,2
1710189801,6,2
1710189802,10,1
1710189803,9,2
1710190901,6,2
1710190902,7,1
1710190903,1,2
1710192201,6,2
1710192202,5,1
1710192801,5,2
1710192802,5,2
1710194401,6,1
1710194402,6,1
1710194701,6,1
1710194901,9,1
1710194902,6,1
1710195301,5,1
1710195302,6,1
1710195601,7,2
1710195602,7,2
1710198501,8,2
1710198502,8,1
1710198801,7,2
1710198802,7,1
1710198803,1,2
1710200301,9,2
1710206101,7,2
1710206102,7,1
1710210901,9,2
1710216601,6,1
1710216602,6,2
1710216603,2,2
1710216604,1,1
1710222701,6,1
1710225201,7,1
1710226901,7,1
1710226902,7,2
1710227301,6,1
1710227401,11,1
1710227402,11,2
1710227501,6,2
1710227502,6,1
1710227601,6,2
1710228001,10,2
1710228901,6,2
1710228902,6,1
1710228903,10,2
1710228904,10,1
1710231301,10,2
1710237401,6,2
1710237402,6,1
1710237403,1,1
1710238701,6,2
1710238702,2,1
1710239801,6,2
1710240801,6,2
1710240802,6,1
1710244901,9,2
1710244902,10,1
1710246101,8,2
1710246601,7,2
1710248501,8,2
1710248502,2,2
1710248503,8,2
1710248504,11,1
1710248505,2,2
1710250201,6,2
1710254901,6,1
1710254902,6,2
1710255601,7,1
1710257501,10,2
1710257701,8,1
1710257702,8,2
1710257703,4,2
1710257704,2,1
1710257801,6,1
1710257802,6,2
1710260801,11,2
1710261801,6,2
1710262801,5,1
1710263001,6,1
1710263701,7,2
1710263702,8,1
1710263703,1,1
1710263704,1,1
1710267101,9,3
1710268401,7,2
1710268402,7,1
1710268403,2,2
1710268404,1,1
1710269401,8,1
1710269402,3,1
1710269403,8,2
1710269501,8,2
1710269502,9,1
1710269503,4,2
1710271001,6,2
1710271002,6,1
1710271003,1,2
1710271301,7,2
1710271302,2,1
1710271303,10,2
1710273701,5,2
1710273702,5,1
1710278301,6,1
1710278701,6,1
1710278702,6,2
1710279801,10,2
1710280401,8,2
1710281901,7,1
1710281902,6,2
1710281903,2,2
1710286601,9,1
1710286602,9,2
1710287201,9,1
1710287202,6,2
1710287203,2,2
1710290501,6,1
1710290502,6,2
1710290503,1,2
1710290801,11,1
1710291001,6,2
1710293201,11,1
1710294401,6,2
1710294402,6,1
1710296601,9,1
1710296602,9,2
1710298601,7,1
1710298801,11,1
1710298802,9,2
1710302201,6,1
1710303101,6,1
1710303102,5,2
1710303103,5,1
1710303801,6,2
1710303802,6,1
1710303803,5,1
1710303804,5,1
1710305001,8,1
1710305002,2,1
1710305003,2,1
1710305901,6,2
1710311001,7,1
1710311002,7,2
1710311401,8,1
1710311402,8,2
1710311403,3,1
1710313801,9,1
1710314701,9,2
1710314801,8,2
1710314802,9,2
1710321101,9,1
1710324101,7,1
1710324102,6,2
1710324103,1,1
1710324201,6,2
1710330201,8,2
1710341501,10,1
1710341502,9,2
1710342801,8,1
1710342802,8,2
1710345401,6,1
1710345402,6,2
1710345601,6,1
1710347701,6,1
1710350001,8,2
1710350002,9,1
1710351701,6,1
1710351702,6,2
1710353301,6,2
1710353302,6,1
1710353801,7,1
1710353802,6,2
1710355701,5,1
1710357401,6,1
1710358701,9,2
1710359401,5,2
1710359402,5,1
1710361401,8,1
1710362301,7,2
1710362302,7,1
1710364001,9,1
1710364002,10,2
1710364801,5,2
1710364802,6,1
1710365901,7,2
1710366001,7,2
1710367001,7,1
1710367201,6,1
1710367202,6,2
1710367701,6,2
1710367702,6,1
1710374101,10,2
1710375101,10,1
1710375102,10,2
1710377901,7,2
1710377902,7,1
1710379801,11,1
1710380201,9,2
1710380202,6,1
1710380203,5,2
1710380901,7,4
1710382401,8,1
1710382601,7,1
1710383601,6,1
1710383801,5,1
1710383802,5,1
1710386101,6,1
1710386102,6,2
1710390201,8,2
1710390202,7,1
1710390203,3,1
1710390204,2,2
1710391301,6,1
1710391302,7,2
1710391303,1,1
1710394701,6,1
1710394702,5,2
1710397201,10,2
1710397202,10,1
1710408801,9,2
1710409501,7,1
1710409502,7,2
1710409503,2,1
1710409504,2,2
1710409505,1,1
1710410501,11,2
1710412501,8,1
1710412502,8,2
1710412503,3,2
1710412504,2,2
1710412505,2,2
1710414701,6,1
1710415801,6,2
1710417001,7,2
1710417002,6,1
1710417101,7,2
1710419001,9,2
1710419002,9,1
1710419701,6,4
1710422201,5,1
1710422202,5,2
1710422701,7,2
1710423601,9,2
1710424701,8,2
1710425501,6,1
1710425502,1,4
1710425503,1,4
1710425504,6,2
1710428101,6,1
1710429901,6,1
1710429902,6,2
1710430001,10,1
1710430002,9,2
1710435801,6,1
1710435802,6,2
1710436601,8,1
1710436602,8,1
1710436603,3,2
1710436604,2,1
1710437201,9,1
1710438301,6,2
1710438302,6,2
1710439501,8,1
1710439502,8,2
1710439503,4,1
1710439901,11,2
1710439902,11,1
1710441201,9,4
1710441202,8,4
1710443301,6,1
1710443401,8,2
1710443402,9,1
1710444001,6,1
1710444002,6,2
1710444901,7,1
1710444902,7,2
1710444903,1,1
1710445901,7,2
1710445902,8,1
1710446801,6,2
1710449401,11,1
1710450001,7,2
1710450002,7,1
1710455201,10,2
1710456201,9,2
1710456301,6,2
1710456701,7,2
1710456702,7,2
1710457101,6,1
1710457102,5,1
1710457501,6,2
1710457502,6,1
1710457601,7,2
1710457801,10,2
1710459801,7,2
1710460101,8,2
1710460201,5,2
1710461401,6,2
1710461701,8,2
1710461702,8,1
1710461703,3,1
1710461704,2,1
1710463901,6,1
1710463902,6,2
1710464701,7,1
1710464702,7,2
1710464703,2,2
1710464704,1,1
1710465701,7,1
1710465702,6,2
1710465801,6,1
1710465802,6,2
1710466001,7,1
1710466002,7,1
1710467401,9,2
1710467901,7,2
1710468301,7,1
1710468302,7,2
1710468303,2,2
1710468304,1,1
1710470601,10,1
1710471101,8,1
1710471102,8,2
1710471103,4,1
1710471104,3,2
1710472901,6,1
1710475001,8,2
1710475002,8,1
1710475003,4,1
1710475004,2,2
1710476401,10,2
1710480101,10,1
1710480102,11,2
1710482101,10,1
1710482401,6,1
1710484701,7,2
1710484702,7,1
1710484703,2,2
1710484704,2,1
1710485601,7,4
1710487101,7,2
1710488701,7,1
1710488702,6,2
1710488703,1,2
1710489301,9,2
1710494501,6,1
1710494502,6,2
1710494801,11,2
1710494802,12,1
1710499401,10,1
1710499402,10,2
1710504701,10,2
1710505201,6,2
1710505202,6,1
1710506401,5,1
1710509401,6,1
1710509801,7,1
1710515301,8,2
1710516501,11,1
1710517201,6,1
1710517202,6,2
1710520101,10,2
1710520501,5,1
1710520701,7,2
1710522101,8,1
1710522801,6,2
1710522802,6,1
1710523101,9,2
1710523102,9,1
1710524201,8,1
1710524202,9,2
1710524601,6,2
1710525601,6,1
1710525602,5,2
1710525603,1,2
1710525604,1,1
1710525701,7,2
1710525702,7,1
1710526201,7,2
1710526202,7,2
1710528001,8,2
1710528002,8,1
1710529801,7,2
1710531001,7,2
1710531601,6,1
1710531602,6,2
1710533601,6,2
1710533602,6,1
1710539201,9,2
1710539202,9,1
1710540901,7,2
1710544301,8,2
1710544501,7,1
1710544502,7,2
1710544503,2,1
1710544504,1,2
1710544901,6,2
1710547201,6,2
1710547202,6,1
1710547203,6,2
1710548301,6,1
1710548302,6,2
1710551501,8,1
1710553601,9,1
1710553602,8,2
1710554901,8,2
1710558101,7,1
1710560601,8,1
1710560602,8,1
1710561401,6,2
1710564501,9,1
1710564502,8,2
1710564503,5,2
1710565801,9,1
1710565802,10,2
1710566201,6,1
1710566202,6,2
1710567201,7,1
1710567202,7,2
1710567203,2,2
1710567204,1,2
1710567205,1,2
1710567801,9,1
1710567802,10,2
1710568401,8,2
1710568402,2,1
1710568403,3,1
1710568901,6,1
1710568902,5,2
1710569301,8,1
1710569302,7,2
1710569401,10,2
1710571901,6,1
1710574701,8,1
1710575901,9,2
1710576601,9,1
1710577201,8,2
1710577301,6,2
1710577302,6,1
1710577303,3,2
1710577304,1,1
1710578401,9,1
1710578501,7,1
1710578502,8,2
1710578901,5,2
1710579001,6,1
1710579101,9,1
1710579102,8,2
1710579201,6,2
1710581401,6,1
1710582701,11,2
1710586401,7,2
1710586402,7,1
1710586403,1,1
1710587501,6,1
1710588901,7,4
1710588902,7,1
1710590601,6,1
1710590801,10,2
1710591601,8,1
1710591602,6,2
1710592001,10,2
1710592002,10,1
1710592201,6,2
1710592202,6,1
1710593901,6,1
1710593902,6,2
1710593903,1,1
1710594801,9,2
1710594802,4,2
1710597901,6,2
1710597902,1,2
1710601101,7,1
1710601102,7,2
1710601103,2,2
1710601104,2,1
1710601201,10,2
1710601202,10,1
1710601501,11,1
1710601502,11,2
1710601701,7,1
1710601702,7,2
1710601703,2,1
1710601704,3,2
1710602801,6,2
1710602802,6,2
1710604401,9,2
1710604402,5,2
1710605701,6,1
1710608701,8,2
1710613201,11,1
1710613202,10,2
1710615701,7,2
1710615702,7,2
1710618301,6,2
1710618302,6,1
1710618401,8,2
1710618402,4,1
1710619001,6,2
1710620801,10,1
1710620802,10,2
1710624801,10,2
1710624802,7,1
1710627701,10,1
1710627801,7,2
1710627802,1,1
1710628201,10,2
1710628202,10,1
1710632901,6,1
1710634001,6,1
1710634002,6,2
1710634003,1,2
1710634401,7,2
1710634402,2,1
1710634403,1,2
1710634404,7,1
1710634901,8,2
1710637601,6,1
1710637602,6,2
1710638101,9,2
1710638102,9,1
1710639001,7,1
1710639002,7,2
1710640201,6,1
1710642201,11,1
1710642202,11,2
1710644001,6,4
1710644002,6,4
1710644201,7,1
1710644202,7,2
1710644203,2,2
1710644204,2,1
1710644205,1,1
1710644206,1,1
1710647001,5,4
1710649501,10,1
1710649502,10,2
1710649601,9,1
1710649602,9,2
1710649603,3,2
1710651801,6,2
1710651802,7,1
1710657401,6,2
1710657402,6,1
1710657403,8,2
1710658001,5,1
1710659401,9,2
1710659402,10,1
1710664301,6,2
1710664501,10,2
1710664801,6,1
1710667001,7,2
1710667002,7,2
1710667003,1,1
1710668001,6,1
1710668002,6,2
1710669101,10,2
1710669102,10,1
1710672701,9,1
1710676001,7,1
1710676002,7,2
1710677601,11,1
1710677602,11,2
1710682301,7,2
1710682401,6,1
1710683501,8,1
1710684701,6,2
1710685401,6,2
1710685402,7,1
1710685403,1,1
1710685404,1,2
1710686401,7,2
1710686402,7,1
1710686403,2,2
1710686404,10,2
1710687601,9,1
1710687602,6,1
1710690901,6,2
1710690902,6,1
1710691801,6,2
1710692901,6,1
1710692902,6,2
1710694601,10,2
1710694602,10,1
1710694901,6,1
1710694902,6,2
1710696501,9,1
1710697001,8,2
1710697002,8,1
1710697003,6,2
1710697401,7,1
1710697402,6,2
1710699901,7,4
1710700101,9,2
1710702001,6,1
1710702002,6,2
1710702003,1,1
1710702004,1,1
1710702501,6,2
1710702502,7,1
1710703201,7,1
1710703301,8,1
1710705101,9,2
1710705102,10,1
1710707701,8,1
1710709001,7,1
1710709002,6,2
1710709901,8,1
1710713101,8,1
1710713901,7,2
1710713902,7,2
1710714101,9,1
1710714102,9,2
1710714201,9,1
1710714202,9,2
1710717501,6,1
1710717502,6,2
1710717601,9,1
1710719201,7,2
1710722001,7,1
1710722101,9,2
1710722102,9,1
1710724401,10,2
1710725101,7,2
1710725102,7,1
1710725501,7,2
1710725502,8,1
1710725503,3,1
1710725504,2,1
1710726901,6,1
1710731901,5,2
1710731902,5,1
1710734201,7,2
1710734202,2,1
1710737601,8,1
1710737602,8,1
1710740901,7,1
1710740902,7,2
1710740903,2,1
1710740904,1,2
1710741001,7,2
1710748801,8,1
1710748802,8,2
1710749001,6,1
1710749002,7,2
1710751901,6,1
1710751902,6,2
1710753401,6,1
1710754301,7,2
1710756701,10,1
1710757201,5,2
1710757202,5,2
1710760201,10,1
1710760701,9,1
1710760702,9,2
1710761901,9,1
1710761902,8,2
1710762801,5,1
1710767701,7,1
1710768901,9,2
1710768902,9,1
1710769501,6,2
1710770501,9,2
1710771601,7,2
1710773001,7,1
1710773002,6,2
1710773003,2,1
1710774201,9,1
1710774202,9,2
1710777301,6,2
1710778901,5,2
1710781201,9,2
1710783601,10,1
1710783602,10,2
1710784501,6,1
1710784502,6,2
1710788501,6,1
1710790201,7,1
1710790202,7,2
1710790203,1,1
1710790701,10,2
1710791301,11,2
1710793001,9,2
1710794001,6,1
1710794002,6,2
1710794003,1,2
1710794401,6,2
1710794402,7,1
1710794501,7,1
1710800001,6,1
1710801601,6,2
1710803901,7,2
1710803902,7,1
1710803903,9,2
1710803904,1,1
1710804301,6,2
1710809401,7,1
1710809402,7,2
1710809403,2,1
1710809404,1,2
1710813501,8,2
1710820001,7,1
1710820002,7,2
1710823901,8,2
1710823902,8,1
1710824701,8,1
1710828101,6,2
1710829101,10,1
1710829102,10,2
1710830601,7,1
1710831501,5,2
1710831502,5,2
1710835101,6,1
1710835102,9,1
1710835801,5,1
1710842201,9,1
1710842202,9,2
1710843001,8,2
1710843002,8,1
1710843701,10,1
1710843702,9,2
1710844101,9,1
1710844102,9,2
1710844103,6,1
1710845001,6,2
1710845901,9,2
1710845902,9,1
1710847301,5,2
1710847401,7,1
1710847402,6,1
1710849201,9,2
1710850001,6,1
1710850002,6,1
1710850801,11,2
1710851301,6,1
1710851302,6,2
1710853601,8,1
1710853602,7,2
1710853603,1,2
1710853604,1,1
1710854301,7,2
1710854302,7,1
1710857601,6,2
1710857602,6,1
1710859501,7,2
1710859502,6,1
1710864001,6,2
1710864002,6,2
1710864301,6,2
1710864302,8,2
1710867801,8,2
1710872101,6,1
1710872301,5,2
1710872302,5,2
1710872701,10,1
1710873501,6,2
1710874901,7,2
1710874902,6,1
1710879801,10,1
1710879802,10,2
1710879901,7,1
1710881401,10,2
1710883301,6,1
1710883302,6,2
1710885901,11,1
1710885902,10,2
1710886601,6,1
1710886602,6,2
1710887701,8,2
1710887702,8,1
1710887703,3,2
1710890801,6,1
1710891801,10,2
1710897301,6,2
1710897302,6,1
1710898201,5,2
1710899401,5,1
1710902101,8,1
1710902102,8,2
1710902301,6,4
1710902302,6,4
1710906401,10,2
1710909301,9,2
1710909302,8,2
1710910701,8,1
1710910702,7,2
1710910703,2,1
1710910704,2,1
1710910901,6,1
1710911401,6,2
1710911402,6,1
1710911601,6,1
1710911602,6,2
1710912001,9,1
1710912801,7,1
1710912802,7,2
1710912803,1,1
1710912901,10,1
1710912902,10,2
1710913101,5,2
1710913801,10,2
1710913802,10,1
1710914701,6,1
1710914702,6,2
1710916401,8,2
1710921201,6,1
1710921202,6,2
1710923901,6,1
1710923902,6,2
1710929801,7,1
1710929802,8,2
1710930801,10,1
1710930802,9,2
1710935801,9,1
1710935802,10,2
1710936701,10,1
1710936702,10,2
1710936703,8,1
1710938801,9,2
1710939301,10,1
1710940701,7,2
1710940801,6,1
1710941801,10,1
1710941802,9,1
1710942501,8,2
1710942502,8,1
1710942503,1,2
1710943601,10,2
1710944401,12,2
1710945101,7,1
1710945102,6,2
1710949501,8,2
1710950401,6,1
1710950901,9,2
1710952101,10,1
1710952701,9,1
1710952702,10,2
1710954201,7,1
1710954202,7,2
1710954203,1,1
1710954204,1,2
1710954701,7,1
1710954702,7,1
1710954703,7,1
1710955501,5,2
1710958001,8,2
1710958601,5,2
1710960101,9,1
1710960102,8,2
1710960103,4,2
1710960601,6,2
1710961501,6,2
1710961502,6,1
1710961503,1,1
1710961504,1,1
1710964401,9,2
1710964402,5,1
1710964601,6,1
1710964602,6,1
1710965101,8,1
1710965701,6,1
1710965702,6,2
1710968001,6,2
1710968002,6,1
1710968003,1,1
1710969001,6,1
1710969201,8,2
1710970301,10,1
1710970302,8,1
1710970401,7,2
1710970402,7,1
1710974001,9,1
1710974002,8,2
1710977601,9,2
1710977602,10,1
1710979001,8,2
1710979002,8,1
1710979003,5,2
1710979801,8,2
1710979802,7,1
1710980201,6,1
1710980202,7,1
1710981201,6,2
1710982901,7,1
1710982902,6,2
1710983501,6,1
1710985101,6,2
1710985102,6,1
1710985103,1,1
1710988401,9,2
1710989801,7,2
1710989802,7,1
1710989803,2,2
1710989804,1,1
1710995001,10,1
1710995002,10,2
1710997301,8,1
1711000001,7,1
1711000002,7,2
1711000003,2,1
1711000004,2,1
1711000701,10,1
1711000702,9,2
1711000703,5,2
1711003701,10,1
1711003702,10,2
1711003801,10,2
1711007101,10,2
1711007102,6,2
1711010901,8,1
1711010902,7,2
1711010903,1,1
1711010904,1,2
1711012401,10,1
1711012402,10,2
1711012801,9,1
1711012802,9,2
1711013601,6,2
1711013602,6,1
1711023001,6,2
1711023002,7,1
1711026501,7,2
1711027901,6,2
1711027902,6,1
1711031101,5,1
1711033101,6,2
1711033701,10,1
1711033702,10,2
1711034001,6,2
1711034002,6,2
1711034301,6,1
1711034302,6,1
1711036401,6,1
1711037801,7,1
1711037802,7,2
1711037803,2,2
1711037804,1,2
1711037901,7,1
1711037902,6,2
1711038201,10,2
1711038701,9,2
1711039901,8,2
1711043001,8,1
1711043002,4,2
1711043003,7,2
1711044701,11,2
1711044702,9,2
1711045901,8,1
1711045902,7,2
1711045903,5,1
1711045904,4,1
1711045905,2,1
1711045906,1,2
1711046101,7,2
1711046102,7,1
1711046501,7,2
1711046502,7,1
1711046503,2,1
1711046504,1,2
1711046505,1,1
1711048101,10,1
1711048102,10,2
1711051601,12,2
1711053301,8,1
1711053901,8,2
1711053902,5,1
1711057101,9,2
1711057701,6,2
1711059501,9,2
1711060701,7,1
1711060702,7,2
1711063901,6,1
1711063902,6,2
1711063903,1,2
1711066201,10,1
1711066202,10,2
1711066601,5,1
1711069301,10,2
1711070501,7,2
1711070502,2,2
1711070503,1,1
1711072901,8,1
1711073301,7,1
1711073302,7,2
1711073303,1,2
1711073701,7,1
1711073702,6,2
1711076001,6,2
1711077501,10,2
1711077502,10,1
1711079301,6,2
1711079302,7,1
1711079401,10,1
1711079402,10,2
1711083001,6,1
1711083401,6,1
1711083402,6,2
1711087401,9,1
1711087402,9,2
1711087403,5,1
1711089501,6,2
1711091801,7,1
1711091802,7,2
1711093201,10,2
1711095801,6,2
1711095802,7,1
1711095803,1,2
1711098201,7,1
1711098202,6,2
1711099201,7,2
1711099202,7,1
1711099203,1,2
1711103301,5,2
1711105701,6,2
1711105702,6,1
1711107201,6,1
1711114201,7,2
1711116601,6,1
1711116602,6,2
1711117401,5,1
1711117402,6,1
1711117601,6,1
1711117602,6,2
1711121901,9,2
1711121902,10,1
1711121903,10,2
1711121904,6,2
1711122601,10,2
1711124101,8,1
1711131701,9,1
1711131702,9,2
1711134101,12,2
1711134102,12,1
1711142201,6,2
1711142202,6,1
1711145101,8,2
1711145102,9,2
1711146901,10,1
1711147601,6,2
1711147602,6,1
1711147603,1,1
1711147604,1,1
1711148201,7,2
1711148601,8,1
1711148602,9,2
1711148701,7,2
1711148901,6,2
1711149701,6,1
1711149702,6,1
1711149703,1,2
1711150701,8,1
1711152501,8,2
1711156201,9,1
1711156202,9,1
1711162001,7,2
1711162201,6,1
1711162202,6,2
1711162901,8,2
1711166301,6,2
1711170701,9,1
1711172801,7,2
1711172802,2,1
1711173301,6,2
1711173302,6,1
1711173401,6,2
1711173402,7,1
1711178501,8,2
1711178502,9,1
1711179801,8,1
1711183701,5,2
1711183702,5,1
1711186101,9,1
1711186102,10,2
1711187101,7,1
1711187102,6,2
1711188401,8,2
1711188402,7,2
1711188403,2,1
1711188601,10,1
1711188602,10,2
1711190401,9,2
1711190901,7,1
1711190902,7,2
1711190903,2,1
1711190904,2,1
1711191301,7,1
1711191302,6,2
1711191801,11,1
1711191802,9,2
1711192201,9,4
1711192202,8,4
1711192203,4,4
1711192204,3,4
1711192205,3,4
1711192901,10,2
1711193901,7,2
1711193902,7,1
1711195801,6,2
1711195802,7,1
1711195803,2,1
1711195901,10,2
1711196001,6,2
1711196002,6,1
1711198301,9,1
1711202401,8,2
1711202402,9,1
1711203201,6,1
1711203202,6,4
1711203301,9,1
1711205001,9,2
1711205002,12,1
1711205003,5,2
1711205004,9,2
1711205901,8,1
1711205902,7,1
1711207301,7,2
1711207302,8,1
1711207303,3,2
1711209101,8,1
1711209102,8,2
1711210901,7,4
1711212701,10,2
1711213701,6,2
1711213702,6,2
1711213703,5,2
1711214001,6,2
1711214701,6,2
1711214702,6,1
1711214901,7,2
1711214902,8,1
1711223101,7,1
1711223102,6,2
1711223103,2,2
1711223104,1,2
1711224801,9,2
1711224802,5,2
1711225001,6,1
1711228101,6,2
1711229101,9,2
1711229102,7,1
1711229103,2,2
1711230001,11,2
1711230801,9,1
1711230901,6,2
1711232201,9,2
1711232202,9,1
1711233201,9,4
1711233202,9,4
1711236101,10,1
1711236102,10,2
1711242701,11,1
1711242702,10,1
1711244701,6,1
1711244801,6,1
1711244802,6,2
1711245501,9,2
1711246801,9,1
1711246802,9,2
1711246803,5,1
1711247101,11,1
1711248401,6,2
1711248402,6,2
1711248403,5,2
1711249601,8,1
1711250501,6,2
1711250502,6,1
1711254001,6,2
1711255401,9,2
1711255402,5,1
1711256401,5,1
1711257501,7,1
1711258101,9,1
1711261101,10,2
1711263701,9,1
1711264401,8,2
1711265001,6,2
1711265002,6,1
1711265301,9,2
1711267801,6,1
1711269001,7,2
1711269002,7,1
1711269003,3,2
1711269004,2,2
1711279501,5,2
1711280001,9,2
1711280002,9,1
1711280501,8,2
1711281001,7,2
1711282601,9,1
1711282701,6,1
1711282702,6,2
1711283901,8,1
1711283902,8,2
1711286601,6,1
1711293301,5,2
1711293302,5,1
1711297701,8,1
1711299501,6,1
1711299502,6,2
1711300601,6,1
1711300602,6,2
1711301401,6,2
1711303101,5,2
1711304901,6,1
1711304902,6,2
1711306301,9,2
1711306401,6,2
1711306402,6,1
1711307801,10,2
1711308401,9,1
1711308402,6,2
1711310701,9,1
1711310702,8,2
1711312401,7,1
1711312402,7,2
1711312403,1,2
1711317701,9,2
1711324301,6,2
1711324302,6,1
1711326001,9,1
1711326002,8,2
1711326701,9,2
1711326702,9,1
1711326901,7,1
1711326902,7,2
1711326903,3,1
1711326904,2,2
1711327801,10,1
1711327802,9,1
1711329401,10,1
1711329402,12,2
1711330001,6,1
1711331701,9,1
1711331702,8,2
1711331703,6,2
1711331704,5,2
1711337201,7,1
1711337202,5,2
1711337203,3,1
1711343001,11,2
1711343301,11,1
1711343302,11,2
1711344701,6,2
1711344702,6,1
1711348101,7,2
1711348102,8,1
1711348401,6,1
1711348402,6,1
1711349501,7,2
1711349502,6,1
1711349901,6,2
1711354101,8,1
1711354401,6,2
1711354402,6,1
1711355801,8,1
1711355802,8,2
1711357601,12,1
1711357602,11,2
1711357701,6,2
1711357702,7,1
1711357703,2,2
1711357704,2,2
1711361201,7,2
1711361202,7,1
1711361203,2,2
1711361204,2,1
1711361205,10,1
1711361206,10,2
1711368901,7,1
1711368902,7,2
1711368903,5,2
1711370501,7,2
1711370502,7,1
1711372101,10,1
1711372102,10,2
1711375001,10,1
1711375002,10,2
1711375501,11,1
1711375502,11,2
1711375701,10,1
1711379401,7,1
1711379901,6,2
1711380101,10,2
1711382301,7,2
1711382302,7,1
1711382501,6,1
1711383901,6,2
1711383902,6,1
1711384801,9,1
1711386201,5,2
1711389901,11,2
1711389902,8,2
1711391001,9,2
1711391002,10,1
1711392801,7,1
1711392802,7,2
1711392803,7,1
1711393401,10,1
1711393402,10,2
1711396401,6,1
1711396701,7,2
1711396702,7,1
1711396703,1,1
1711396801,8,2
1711396802,3,2
1711396901,6,1
1711396902,6,2
1711399701,9,2
1711399702,9,1
1711400001,6,1
1711403301,5,2
1711403701,9,2
1711404201,8,1
1711405801,6,1
1711405802,5,2
1711406901,7,1
1711407601,5,1
1711407602,5,1
1711407603,5,2
1711408901,6,2
1711408902,6,1
1711412001,7,2
1711414701,9,1
1711414901,9,1
1711414902,9,2
1711415201,6,1
1711415202,6,2
1711415801,6,1
1711416001,7,2
1711416002,4,2
1711416401,6,2
1711416402,7,1
1711417001,6,1
1711417002,6,2
1711417101,6,1
1711417102,6,2
1711417701,8,2
1711420101,6,2
1711420102,6,1
1711420103,1,1
1711420201,6,2
1711420202,6,1
1711422401,6,1
1711426701,7,2
1711426702,3,2
1711431501,5,1
1711431502,5,1
1711431503,5,1
1711431504,5,1
1711433201,6,2
1711433202,6,1
1711440701,7,1
1711441001,6,1
1711441002,6,2
1711442201,6,1
1711442202,6,2
1711442601,7,1
1711442602,6,2
1711446001,9,2
1711446002,7,2
1711446101,10,1
1711446201,6,2
1711446202,4,2
1711447901,6,1
1711447902,6,2
1711449201,9,2
1711449701,5,2
1711450601,6,2
1711450801,8,1
1711450802,8,2
1711450803,2,1
1711450804,3,2
1711451301,8,1
1711451302,8,2
1711451801,6,2
1711454301,9,2
1711454401,7,2
1711454402,7,1
1711454403,2,1
1711455601,10,2
1711456801,7,1
1711456802,7,2
1711457201,5,2
1711457202,5,1
1711461001,8,2
1711461002,8,1
1711461003,5,2
1711462601,9,2
1711462602,9,1
1711463001,9,1
1711464001,11,2
1711464002,11,1
1711464801,8,2
1711464802,5,2
1711465901,10,2
1711466201,6,2
1711466202,6,1
1711467101,9,1
1711470001,9,1
1711470002,9,2
1711471201,9,2
1711472401,8,2
1711472402,3,1
1711473401,9,1
1711474801,6,1
1711478601,9,2
1711478701,8,2
1711478702,10,1
1711482301,10,2
1711482901,6,2
1711482902,6,1
1711482903,2,2
1711482904,2,1
1711482905,1,1
1711484001,10,1
1711484301,9,1
1711484302,9,2
1711486101,6,1
1711486102,6,2
1711488201,7,2
1711488202,6,1
1711492501,7,1
1711492502,7,2
1711492503,1,1
1711494101,7,1
1711494102,7,2
1711494103,2,2
1711494104,2,2
1711495001,7,1
1711495002,6,1
1711495501,6,2
1711498101,8,1
1711498102,8,2
1711498301,6,1
1711501601,8,1
1711505901,8,2
1711506701,6,1
1711506702,6,2
1711506703,9,2
1711506704,1,2
1711508801,8,1
1711509201,7,1
1711509202,7,2
1711509203,2,1
1711509204,2,2
1711510401,7,1
1711510402,7,2
1711510403,1,2
1711510404,1,2
1711512601,6,4
1711512602,5,2
1711513101,6,1
1711513102,6,2
1711518001,7,1
1711518002,8,2
1711518701,6,1
1711520701,12,2
1711522101,5,1
1711522102,5,1
1711523101,9,2
1711523102,9,1
1711523103,6,1
1711524701,10,1
1711524702,9,2
1711524901,9,2
1711524902,9,1
1711530001,6,2
1711530002,6,2
1711530501,9,1
1711532101,10,2
1711532102,11,1
1711535901,7,2
1711535902,2,1
1711539801,8,1
1711540001,6,1
1711540002,6,2
1711540801,10,1
1711540802,10,2
1711545001,8,1
1711545002,7,2
1711545003,2,1
1711545004,2,1
1711545005,2,1
1711545006,2,2
1711546101,6,1
1711546102,5,1
1711546801,6,2
1711546802,6,4
1711547401,9,1
1711550201,6,1
1711550202,6,2
1711552201,8,2
1711552901,9,2
1711552902,9,1
1711552903,5,2
1711552904,4,2
1711555901,6,2
1711555902,7,1
1711556701,6,2
1711556702,9,2
1711556703,10,1
1711556704,6,1
1711556705,6,1
1711556801,6,2
1711556901,6,1
1711556902,6,2
1711557101,10,2
1711558101,9,2
1711559101,8,1
1711559102,8,2
1711559401,7,2
1711559402,6,1
1711559403,2,2
1711561501,6,2
1711561502,6,1
1711561503,5,1
1711561701,8,4
1711561702,8,4
1711561703,4,4
1711561704,3,4
1711565701,6,1
1711566201,9,1
1711568601,8,2
1711572701,12,1
1711572702,10,2
1711575101,8,2
1711575102,8,1
1711577501,7,2
1711577502,8,1
1711581001,8,2
1711582101,8,2
1711583001,9,1
1711583002,8,2
1711583101,6,1
1711583102,5,2
1711583801,6,2
1711583802,6,1
1711585501,5,2
1711586801,8,1
1711586802,3,2
1711586803,2,1
1711587401,9,1
1711588001,6,4
1711588002,7,4
1711588201,7,2
1711591101,10,2
1711591102,10,1
1711594501,7,2
1711594601,11,1
1711594602,11,2
1711598501,6,2
1711598502,6,1
1711600001,5,1
1711600002,6,1
1711601001,6,2
1711601002,6,1
1711602101,12,1
1711602102,12,2
1711605001,7,1
1711605002,7,2
1711605003,2,1
1711605201,6,1
1711605202,5,2
1711606401,7,2
1711606402,7,1
1711608101,6,1
1711608102,6,2
1711608103,2,2
1711608104,1,2
1711610701,6,1
1711610702,6,2
1711611101,6,2
1711611201,6,2
1711611401,6,2
1711611402,6,1
1711613101,11,2
1711613102,11,1
1711613201,6,2
1711613202,6,1
1711613301,9,1
1711613302,4,1
1711613701,8,2
1711617101,8,2
1711617801,6,2
1711618101,8,2
1711620801,9,2
1711622601,5,2
1711622602,5,2
1711624801,7,1
1711624802,7,2
1711624803,2,1
1711625701,6,1
1711626001,6,1
1711627601,6,1
1711627602,5,2
1711628801,8,1
1711632501,6,2
1711632502,6,1
1711633001,10,1
1711634001,9,2
1711636401,7,1
1711636402,7,2
1711636403,2,2
1711636404,1,1
1711638001,8,1
1711638002,9,2
1711638003,5,1
1711638004,4,2
1711638301,10,1
1711638901,8,2
1711638902,7,1
1711638903,3,1
1711638904,2,1
1711638905,2,1
1711643001,7,1
1711644101,10,2
1711645001,6,2
1711645002,6,1
1711653401,6,1
1711654401,11,2
1711656701,6,1
1711656702,6,2
1711656703,1,1
1711657201,5,2
1711659801,6,2
1711662101,10,1
1711662102,8,2
1711669301,6,2
1711672801,7,4
1711672802,7,4
1711674401,5,2
1711674402,6,1
1711674403,6,1
1711678101,8,1
1711678102,8,4
1711679601,5,2
1711682401,9,1
1711685001,7,1
1711685002,7,2
1711685003,1,4
1711691801,7,3
1711691802,7,1
1711693801,6,1
1711693802,6,2
1711693803,1,2
1711696301,8,2
1711697201,9,2
1711697301,6,1
1711697302,6,2
1711699101,6,1
1711699801,11,2
1711703601,6,2
1711705201,7,2
1711705202,8,1
1711706101,6,1
1711706102,6,4
1711708001,11,2
1711708002,11,1
1711708401,12,1
1711708402,12,2
1711710301,7,1
1711710901,10,1
1711710902,9,2
1711712001,11,2
1711713601,10,2
1711713801,6,2
1711713802,6,1
1711715201,7,1
1711716001,7,2
1711716002,6,2
1711717601,9,1
1711717602,9,1
1711719401,11,2
1711719402,12,1
1711720901,8,4
1711726901,8,1
1711727301,11,1
1711727302,11,2
1711727701,9,1
1711727702,9,1
1711729301,6,2
1711729302,6,1
1711731301,7,1
1711731302,7,2
1711731303,2,4
1711731304,2,4
1711734401,6,1
1711734402,6,2
1711734601,10,1
1711734602,10,2
1711737601,7,2
1711737602,7,2
1711737901,6,2
1711737902,7,2
1711739801,6,2
1711739802,6,1
1711744301,6,1
1711747901,6,2
1711747902,7,1
1711750001,6,2
1711750002,5,1
1711750301,8,2
1711750302,8,1
1711750501,6,2
1711750502,7,1
1711752901,10,2
1711752902,10,1
1711753501,6,1
1711753502,6,2
1711753503,1,1
1711754001,11,2
1711754002,9,1
1711755501,7,2
1711756001,7,1
1711756002,7,2
1711758801,6,1
1711758802,6,2
1711758803,2,2
1711758804,1,2
1711759001,9,2
1711761401,8,1
1711764501,5,2
1711764502,5,1
1711766601,10,2
1711767801,9,1
1711771501,8,4
1711771502,7,4
1711771503,1,4
1711774501,6,2
1711774601,7,1
1711774602,7,2
1711774603,5,1
1711774604,2,1
1711776401,8,2
1711778801,7,2
1711778802,8,1
1711780901,8,1
1711781901,10,2
1711782501,7,1
1711782502,6,2
1711786401,11,2
1711787801,7,1
1711787802,7,2
1711787803,2,1
1711787901,6,2
1711787902,6,1
1711788001,7,1
1711788002,7,2
1711788003,3,2
1711788004,1,1
1711788701,5,1
1711788702,5,1
1711788703,5,1
1711789801,7,2
1711790201,6,2
1711790202,6,1
1711791401,9,1
1711793101,7,2
1711793102,6,1
1711801501,6,1
1711801502,7,2
1711802601,10,1
1711802602,6,1
1711803001,7,2
1711803002,7,1
1711803003,3,2
1711803004,2,2
1711805501,7,2
1711805502,7,1
1711805503,3,1
1711805504,3,1
1711806501,9,1
1711806502,9,2
1711806801,6,2
1711806802,5,1
1711809301,6,2
1711809302,7,1
1711810201,7,2
1711810202,7,1
1711812801,7,2
1711812802,7,1
1711813901,6,2
1711813902,6,2
1711814401,9,1
1711815001,7,1
1711815002,6,2
1711815201,6,2
1711815202,6,1
1711815203,1,1
1711817401,8,1
1711817402,8,1
1711819701,6,2
1711819702,6,2
1711820701,8,1
1711823201,10,2
1711823202,10,1
1711828101,6,2
1711828102,6,1
1711828103,1,1
1711831001,9,1
1711831002,10,2
1711832001,6,1
1711834501,8,1
1711834502,8,2
1711834503,2,1
1711834504,2,2
1711837501,7,1
1711837502,6,1
1711840201,6,2
1711840202,6,1
1711841801,10,2
1711843501,7,2
1711843502,7,1
1711848201,6,1
1711848501,8,2
1711848502,9,1
1711850701,12,2
1711850702,11,1
1711856501,5,2
1711859301,9,2
1711861001,6,2
1711861002,9,2
1711861003,9,1
1711861004,6,1
1711862001,6,1
1711862002,6,2
1711862003,1,2
1711863201,7,4
1711863202,6,4
1711867001,8,1
1711867002,8,2
1711870101,8,2
1711870102,8,1
1711870103,3,2
1711870104,3,1
1711874801,8,1
1711876601,8,1
1711877101,6,1
1711877102,6,2
1711878201,8,2
1711879701,7,2
1711887901,6,2
1711888901,7,2
1711890201,11,1
1711890202,11,1
1711891901,9,4
1711895101,10,2
1711895102,9,1
1711897701,7,1
1711897901,7,2
1711897902,7,2
1711897903,2,1
1711897904,1,2
1711900001,6,1
1711902401,7,2
1711902402,7,1
1711908601,7,1
1711909401,8,1
1711909402,8,2
1711914201,10,2
1711914202,7,2
1711914301,7,2
1711914302,7,1
1711914303,2,2
1711915401,6,2
1711915402,6,1
1711916901,7,4
1711917401,7,1
1711917402,7,2
1711917403,1,1
1711922001,6,1
1711922002,6,2
1711922003,1,2
1711923501,8,2
1711923502,9,1
1711923801,8,1
1711923802,9,2
1711923803,11,1
1711923804,11,2
1711924201,7,1
1711924202,4,1
1711924203,6,1
1711924204,5,1
1711927401,10,1
1711928001,9,1
1711928002,9,2
1711930601,7,1
1711930602,6,2
1711931001,11,2
1711931201,8,1
1711931202,8,2
1711933901,8,1
1711937001,5,1
1711938301,6,2
1711938302,6,1
1711940101,6,2
1711940102,5,1
1711942501,7,1
1711942502,6,2
1711944001,10,2
1711944002,9,1
1711945401,6,2
1711945402,6,2
1711945801,7,2
1711945802,5,1
1711947701,5,2
1711947702,5,1
1711947703,2,1
1711947704,2,1
1711947705,4,1
1711947706,4,1
1711950401,10,2
1711953001,8,2
1711953002,9,1
1711953003,3,1
1711953401,7,2
1711953402,7,1
1711953403,2,1
1711953404,1,1
1711953901,6,2
1711954201,9,1
1711954701,6,2
1711954702,6,2
1711955501,10,1
1711958201,5,4
1711958202,6,3
1711959701,7,1
1711959702,7,2
1711959703,1,1
1711959704,1,1
1711962201,6,1
1711962202,6,2
1711962203,1,1
1711968101,6,1
1711974201,6,1
1711974202,6,2
1711976801,9,1
1711976802,9,2
1711978001,5,2
1711978002,1,2
1711979001,6,2
1711979002,7,1
1711979003,1,2
1711979004,1,2
1711980801,10,2
1711981301,9,2
1711983301,9,1
1711986401,6,2
1711986701,7,2
1711986702,7,1
1711988001,8,2
1711988002,8,1
1711988601,5,1
1711992201,9,1
1711992202,10,2
1711992601,7,2
1711992602,7,1
1711992603,1,2
1711995701,10,1
1711995801,7,1
1711995802,7,2
1711995803,2,2
1711995804,2,2
1711997101,5,1
1711997102,5,1
1711997701,7,2
1711998401,7,2
1711998402,8,2
1711998901,6,2
1712001301,6,2
1712001302,6,1
1712001303,6,2
1712002501,10,2
1712002502,11,1
1712003601,6,2
1712003602,6,1
1712004601,9,2
1712004602,9,1
1712007601,6,1
1712009601,6,4
1712009602,7,1
1712012801,7,1
1712012802,6,2
1712012803,2,1
1712012804,2,1
1712014001,7,1
1712016801,6,1
1712016802,5,2
1712017201,6,2
1712017202,6,1
1712017203,6,2
1712018901,6,1
1712018902,6,2
1712024101,7,1
1712025101,6,2
1712025102,7,1
1712025103,1,1
1712029601,5,2
1712031801,6,2
1712031802,6,1
1712033501,11,2
1712033502,9,1
1712035801,5,2
1712035802,6,1
1712036001,6,1
1712036002,6,2
1712036003,2,1
1712036301,9,2
1712036302,8,1
1712041601,7,1
1712043501,7,1
1712047501,5,2
1712047502,6,1
1712048201,5,2
1712048202,5,1
1712048501,6,1
1712048502,6,2
1712049101,9,2
1712049102,9,2
1712049103,4,2
1712049104,3,2
1712049901,10,2
1712050701,7,2
1712051801,7,1
1712051802,6,2
1712051803,1,2
1712052001,7,1
1712052101,6,2
1712053301,10,1
1712053302,9,2
1712055701,7,2
1712055702,6,1
1712055901,9,2
1712058101,6,2
1712058102,6,1
1712060401,5,2
1712060501,6,1
1712060502,6,1
1712063601,7,1
1712063602,7,2
1712063603,2,1
1712063604,1,1
1712065201,6,2
1712065202,6,1
1712066801,9,2
1712066802,9,1
1712067201,6,2
1712067202,6,1
1712067203,1,2
1712080301,6,1
1712080302,6,2
1712083601,8,1
1712083602,7,2
1712083603,1,1
1712083604,1,1
1712085201,6,2
1712085202,6,1
1712086301,6,2
1712086302,6,1
1712090801,6,1
1712090802,6,2
1712090803,1,2
1712090804,1,1
1712091201,9,1
1712091202,9,2
1712092101,7,2
1712092102,7,1
1712092301,8,2
1712093201,8,2
1712093202,7,2
1712093203,2,1
1712099301,6,1
1712100001,11,2
1712100701,7,1
1712100702,6,2
1712101801,5,2
1712106701,10,1
1712107501,8,2
1712111101,6,1
1712112001,6,3
1712112501,6,2
1712112502,6,1
1712112503,2,2
1712112504,2,1
1712112701,8,1
1712113001,11,2
1712115501,5,2
1712115502,11,2
1712115503,12,1
1712115504,8,1
1712115505,8,2
1712115506,2,2
1712121601,10,1
1712122201,7,2
1712124301,7,1
1712124701,6,1
1712127001,7,2
1712127002,7,1
1712127003,2,2
1712128701,7,2
1712128702,7,1
1712128801,5,2
1712131501,6,2
1712134101,10,1
1712134102,9,2
1712135801,8,2
1712135802,11,2
1712136101,10,2
1712136102,10,1
1712137301,6,1
1712137601,5,1
1712140201,11,1
1712140202,11,2
1712140901,6,2
1712140902,7,1
1712142401,6,2
1712142402,6,3
1712143101,5,1
1712143301,11,1
1712143302,11,2
1712143303,8,1
1712143304,5,1
1712143305,8,2
1712143306,5,2
1712144401,6,1
1712145901,7,2
1712145902,6,1
1712145903,1,2
1712146001,7,1
1712146101,10,1
1712146102,10,2
1712147301,7,1
1712147302,7,2
1712148601,6,2
1712150801,8,2
1712151701,7,2
1712151702,7,1
1712151801,6,2
1712151802,7,1
1712153901,7,2
1712153902,7,1
1712156801,6,2
1712156802,6,2
1712157301,8,2
1712157302,9,2
1712157303,2,2
1712162101,6,1
1712162102,6,2
1712164601,6,1
1712164602,6,2
1712164901,6,1
1712164902,5,2
1712165501,7,1
1712165502,7,2
1712167701,6,2
1712167702,6,1
1712168301,7,1
1712169201,8,1
1712169202,8,2
1712173501,7,1
1712175901,6,2
1712179101,7,1
1712181501,7,2
1712183101,8,2
1712184601,7,1
1712184602,6,2
1712185601,6,2
1712190001,8,1
1712190002,8,2
1712190003,3,1
1712190004,3,2
1712190901,6,2
1712190902,7,1
1712192301,7,1
1712197401,6,1
1712201401,10,1
1712202401,7,1
1712202402,5,2
1712202403,7,1
1712202404,2,1
1712202405,1,1
1712204001,8,2
1712204801,5,1
1712204802,5,1
1712204803,5,1
1712209601,6,2
1712213301,9,2
1712214601,6,2
1712218201,5,4
1712218202,6,4
1712218203,1,4
1712218901,5,2
1712218902,9,2
1712218903,10,1
1712219001,6,1
1712219002,6,2
1712221101,10,1
1712221102,10,2
1712223601,7,1
1712223602,7,2
1712223603,3,1
1712223604,2,2
1712225801,10,1
1712227101,10,1
1712227102,9,2
1712228001,9,2
1712228002,10,1
1712229601,8,1
1712229602,10,2
1712229901,6,1
1712230501,7,1
1712230502,7,2
1712230503,2,1
1712230901,6,2
1712230902,6,1
1712233201,6,2
1712233202,6,2
1712234801,6,1
1712234802,7,2
1712238001,9,2
1712241601,8,1
1712242001,6,2
1712242002,7,1
1712242601,10,2
1712242701,6,2
1712242702,6,1
1712244001,9,2
1712246501,9,2
1712247601,10,1
1712247602,10,2
1712248701,6,1
1712248702,6,2
1712251601,7,1
1712251602,7,2
1712251603,1,1
1712251604,1,1
1712252001,10,1
1712252002,9,2
1712252003,4,1
1712252004,5,1
1712252005,2,2
1712254101,7,2
1712254102,7,1
1712254103,1,1
1712254701,9,1
1712254702,8,2
1712254703,4,1
1712255401,6,1
1712257101,8,2
1712257102,8,2
1712257103,2,1
1712258101,6,1
1712259301,6,2
1712259302,7,2
1712260401,7,1
1712260402,7,2
1712260403,3,3
1712260404,2,1
1712260701,10,1
1712262601,6,1
1712262602,6,1
1712263401,6,1
1712263901,7,2
1712268401,8,1
1712272301,7,1
1712272302,7,2
1712275401,6,1
1712275402,6,2
1712275701,9,1
1712276701,6,2
1712276702,7,1
1712279301,8,1
1712279302,8,2
1712280301,8,2
1712282501,6,1
1712283401,11,1
1712283402,11,2
1712284301,6,1
1712286201,6,2
1712287201,6,2
1712287202,5,2
1712288501,6,1
1712288502,6,2
1712293901,7,1
1712294001,6,2
1712296501,8,2
1712298701,10,2
1712300301,10,2
1712300401,10,1
1712300402,9,2
1712300801,6,1
1712300802,6,2
1712300803,1,2
1712305001,9,1
1712306801,9,1
1712306802,9,2
1712310401,7,1
1712313501,9,1
1712313801,10,1
1712313802,10,2
1712313803,2,2
1712315801,6,1
1712315802,6,2
1712315803,1,2
1712315804,1,2
1712316101,11,2
1712317601,7,1
1712317602,7,2
1712317603,2,2
1712319401,11,1
1712319402,11,2
1712320101,8,1
1712320102,8,2
1712321101,6,1
1712321102,6,2
1712321401,7,2
1712321402,7,1
1712321403,2,1
1712321404,2,1
1712321405,1,2
1712321501,10,1
1712321502,10,2
1712321601,6,1
1712321602,6,2
1712323701,7,2
1712323702,7,1
1712323703,2,2
1712323704,1,2
1712324101,9,2
1712324102,9,1
1712325101,10,2
1712325102,8,2
1712325201,9,1
1712325202,9,2
1712325501,9,2
1712325502,9,1
1712325503,6,1
1712326601,6,1
1712333901,9,1
1712335401,10,2
1712335402,6,1
1712337101,6,1
1712337102,7,1
1712338501,9,2
1712338502,9,1
1712340301,6,1
1712340901,10,2
1712341001,6,1
1712345301,9,1
1712346301,10,2
1712347201,6,2
1712347202,6,1
1712348201,5,1
1712348901,5,1
1712349301,5,1
1712350701,6,1
1712350702,6,2
1712350703,1,2
1712354201,9,2
1712354202,5,1
1712354601,6,2
1712354602,6,1
1712354603,1,2
1712355201,9,1
1712355501,5,2
1712355502,6,1
1712357501,7,1
1712357502,7,2
1712358001,5,2
1712358002,5,2
1712358003,5,1
1712358401,10,2
1712358402,10,1
1712358601,6,1
1712359701,11,2
1712359901,6,1
1712359902,6,2
1712361301,7,1
1712364501,6,1
1712364601,6,2
1712364602,7,1
1712365401,6,1
1712366801,6,2
1712366901,6,2
1712370701,10,1
1712372901,7,1
1712372902,6,2
1712377201,7,1
1712377202,7,2
1712377203,2,2
1712377401,10,1
1712378301,8,2
1712378302,4,1
1712379701,9,1
1712381401,8,2
1712381402,4,1
1712381403,3,2
1712381601,7,1
1712381602,7,2
1712381603,3,1
1712382801,10,1
1712382802,9,2
1712386801,6,1
1712388401,6,1
1712391601,7,2
1712391602,2,1
1712393601,7,1
1712393602,7,2
1712393603,1,1
1712393604,5,1
1712395801,6,1
1712398001,5,1
1712398002,5,2
1712399301,9,2
1712399302,9,1
1712399303,4,1
1712403601,11,1
1712403602,11,2
1712403901,7,1
1712403902,7,2
1712403903,2,2
1712403904,2,2
1712405301,9,1
1712405302,9,2
1712405303,3,2
1712406201,7,1
1712406202,6,2
1712406203,1,1
1712406401,6,2
1712409101,7,2
1712409102,7,2
1712409301,7,1
1712409302,7,2
1712409303,2,2
1712414201,8,2
1712414202,3,1
1712415901,7,1
1712415902,8,2
1712417201,7,1
1712417202,6,2
1712417203,1,2
1712418401,8,1
1712418402,9,2
1712420401,10,1
1712420402,9,2
1712421101,5,2
1712423901,7,1
1712427301,6,1
1712427302,6,2
1712431101,10,1
1712431501,6,2
1712431502,6,1
1712431601,9,2
1712431602,10,1
1712432401,6,1
1712432402,6,2
1712432403,2,1
1712434201,7,2
1712434202,8,1
1712434203,4,1
1712435001,7,1
1712435002,7,2
1712435003,2,2
1712435201,10,2
1712436001,9,2
1712436002,5,1
1712437701,7,2
1712437702,7,1
1712437703,2,1
1712439801,6,1
1712439802,7,2
1712441101,9,1
1712441102,10,2
1712445801,6,1
1712445802,6,2
1712446401,9,2
1712446402,9,1
1712446601,7,1
1712446602,7,2
1712446603,2,2
1712446604,1,2
1712450001,6,2
1712454301,7,1
1712454302,7,2
1712456501,6,2
1712456502,6,1
1712457301,7,1
1712458301,9,2
1712458801,9,1
1712458802,10,2
1712459701,11,2
1712461701,9,1
1712462501,9,1
1712462502,9,2
1712462801,8,1
1712463701,7,1
1712468801,8,1
1712468802,8,2
1712468803,3,2
1712469601,7,1
1712471301,5,1
1712471302,6,2
1712472201,10,1
1712474601,7,2
1712474602,7,1
1712474603,2,1
1712474604,2,2
1712475401,10,1
1712475402,10,2
1712476501,8,1
1712481301,10,1
1712481302,10,2
1712485401,7,2
1712485402,6,1
1712485403,2,1
1712485404,1,1
1712486101,8,1
1712486102,8,2
1712486103,2,2
1712486201,7,1
1712486202,7,2
1712486203,4,1
1712486204,3,2
1712487501,8,2
1712493901,7,1
1712493902,8,2
1712493903,2,1
1712494301,6,1
1712494302,6,2
1712494401,6,1
1712494402,6,2
1712495001,6,1
1712495002,6,2
1712495003,2,2
1712495004,1,2
1712496201,8,2
1712496202,8,1
1712497201,7,1
1712499601,10,1
1712499602,10,2
1712505601,7,2
1712505602,6,1
1712507701,11,2
1712510201,8,1
1712511401,11,2
1712511601,6,3
1712515001,11,1
1712524901,6,1
1712525901,9,2
1712526901,6,1
1712526902,6,1
1712527101,7,1
1712527102,7,2
1712527103,3,1
1712527104,2,1
1712528601,8,1
1712528602,7,2
1712529701,11,2
1712529702,11,1
1712530401,7,1
1712530402,7,2
1712530403,2,1
1712530404,2,2
1712530405,1,2
1712532701,10,2
1712533301,6,2
1712533302,7,1
1712533303,1,1
1712533304,1,1
1712539101,7,1
1712539102,7,2
1712540701,5,1
1712540702,5,1
1712540703,5,1
1712541001,6,1
1712541901,9,2
1712543901,8,4
1712544301,6,2
1712546501,8,2
1712546502,5,1
1712547201,7,1
1712547501,9,1
1712547502,9,2
1712547601,10,2
1712547602,10,1
1712547701,7,1
1712548301,10,2
1712548302,10,1
1712548801,6,1
1712548802,6,3
1712550401,6,2
1712550402,6,1
1712551401,11,1
1712551402,10,2
1712551601,7,2
1712552901,6,1
1712552902,7,1
1712553501,6,1
1712554601,9,1
1712555401,9,2
1712555402,9,1
1712555403,6,1
1712555404,5,1
1712557601,7,1
1712557602,7,2
1712558901,7,1
1712559001,10,1
1712559002,9,2
1712559003,4,1
1712561701,6,2
1712561702,6,1
1712561703,1,1
1712561704,1,2
1712565301,9,2
1712565302,10,1
1712566401,9,1
1712567601,8,2
1712569901,7,1
1712569902,7,2
1712569903,1,1
1712571901,7,1
1712571902,7,2
1712572901,9,2
1712573101,7,2
1712573102,7,1
1712573301,7,2
1712573302,8,1
1712573303,1,2
1712574801,9,2
1712574802,5,2
1712576501,8,2
1712580301,11,2
1712580302,9,2
1712583001,7,2
1712583401,6,1
1712583402,6,2
1712587501,6,2
1712587502,6,1
1712587503,1,1
1712587504,6,2
1712587505,6,1
1712588301,6,1
1712588501,9,1
1712588901,7,1
1712588902,7,2
1712588903,2,1
1712594601,7,2
1712594602,7,1
1712594603,3,1
1712595301,8,2
1712595302,8,2
1712595501,8,1
1712595502,7,2
1712595503,4,1
1712595504,2,1
1712595505,1,1
1712599701,9,2
1712600201,6,1
1712600202,6,2
1712601301,7,2
1712602701,9,2
1712602702,10,1
1712602703,5,2
1712604201,10,1
1712604202,10,2
1712604301,9,2
1712604601,9,1
1712604602,9,2
1712606301,5,2
1712606302,5,1
1712606303,5,1
1712607201,6,1
1712608201,6,2
1712608202,6,1
1712610101,10,2
1712615601,10,2
1712616701,10,2
1712617801,9,1
1712623701,6,1
1712625801,9,1
1712625802,8,2
1712628201,6,1
1712631901,6,2
1712631902,6,1
1712631903,1,1
1712634701,7,2
1712634702,7,1
1712636601,6,2
1712636602,6,1
1712636603,1,2
1712636604,1,1
1712639601,6,1
1712639602,5,2
1712640801,8,1
1712640802,7,2
1712640803,2,2
1712641901,8,1
1712642801,8,2
1712642802,8,1
1712642803,4,1
1712642804,3,2
1712642805,3,1
1712642806,2,2
1712642807,2,2
1712643701,11,2
1712645701,10,1
1712645702,10,2
1712646201,6,1
1712646202,6,2
1712647001,7,2
1712647002,7,1
1712647301,7,2
1712652001,7,2
1712652201,6,1
1712652202,6,2
1712652203,1,1
1712652701,9,1
1712652702,9,2
1712654301,6,2
1712654302,6,2
1712656501,8,2
1712656502,8,1
1712659401,6,2
1712659402,6,1
1712661501,10,2
1712661502,9,4
1712664301,9,2
1712664302,10,1
1712666001,10,1
1712666002,8,2
1712666003,5,2
1712666004,3,2
1712666701,6,2
1712666702,6,2
1712667401,8,1
1712667402,8,2
1712667701,6,2
1712667702,5,2
1712668201,8,2
1712668501,6,1
1712668502,6,1
1712669901,6,2
1712670401,8,1
1712670402,8,2
1712670403,3,2
1712670404,3,2
1712670501,8,4
1712670502,8,4
1712670503,2,4
1712670801,6,1
1712670802,6,2
1712670901,10,4
1712670902,10,4
1712670903,6,4
1712673801,11,1
1712674001,8,1
1712674002,10,2
1712675201,7,1
1712675401,10,2
1712676201,7,1
1712676202,6,2
1712676203,2,1
1712676204,1,2
1712678401,6,1
1712678402,6,2
1712678601,6,1
1712678602,6,2
1712680901,9,2
1712683501,7,1
1712683502,7,2
1712684201,6,2
1712684901,9,1
1712686201,5,1
1712687401,12,1
1712687402,12,2
1712687601,9,2
1712689201,6,2
1712689301,10,2
1712689302,8,1
1712691701,10,1
1712691702,10,2
1712697401,7,2
1712697402,7,1
1712698501,8,2
1712698502,6,1
1712698503,6,1
1712701401,7,1
1712701402,8,1
1712702001,9,2
1712702601,8,1
1712702602,8,2
1712702603,2,1
1712702604,2,1
1712702701,7,2
1712702702,7,1
1712702703,2,2
1712702704,2,1
1712703101,6,1
1712703102,6,1
1712705201,5,1
1712705202,6,2
1712705801,7,2
1712709301,6,1
1712709401,10,2
1712711701,8,2
1712712001,10,2
1712715401,7,2
1712715402,6,1
1712720201,10,1
1712724501,6,1
1712725901,7,2
1712725902,7,2
1712728801,6,1
1712728802,6,2
1712729101,6,1
1712729102,7,2
1712729701,9,1
1712729702,9,1
1712730001,7,1
1712733601,7,1
1712735601,9,2
1712735602,10,1
1712735801,7,1
1712735802,6,2
1712735803,1,2
1712735804,1,2
1712736201,9,1
1712736202,7,2
1712736401,6,2
1712739501,7,2
1712739502,8,1
1712739503,1,2
1712739504,1,2
1712740501,6,2
1712740502,6,1
1712741601,10,1
1712741602,10,2
1712743201,11,1
1712743202,11,2
1712745201,7,2
1712745801,6,1
1712745802,6,2
1712745803,6,2
1712748001,8,1
1712748002,8,2
1712748701,10,1
1712751201,9,1
1712751202,9,2
1712751801,10,1
1712751802,8,2
1712751803,5,2
1712751804,3,1
1712752201,8,1
1712752202,7,2
1712754301,7,1
1712754302,6,2
1712756901,6,1
1712756902,5,2
1712757201,6,1
1712757501,6,2
1712757502,6,1
1712760801,10,1
1712761201,6,2
1712762201,8,1
1712762202,9,2
1712762501,6,1
1712762502,6,2
1712763001,11,1
1712763002,10,2
1712763701,7,2
1712763702,7,1
1712763703,1,2
1712768901,6,2
1712768902,6,1
1712769301,9,1
1712769302,3,2
1712769303,5,2
1712769304,8,2
1712770201,7,2
1712774301,7,2
1712774302,7,1
1712774303,1,2
1712774304,1,1
1712776501,10,2
1712777101,10,2
1712777102,10,1
1712780901,10,1
1712780902,9,2
1712781101,11,2
1712782101,9,2
1712782301,7,2
1712785001,6,4
1712785002,7,4
1712788001,9,1
1712788002,9,2
1712791801,7,2
1712792101,8,2
1712792102,8,1
1712792103,3,1
1712792104,3,2
1712792301,9,1
1712792801,6,1
1712792802,6,2
1712796701,11,2
1712800001,7,2
1712800002,7,1
1712802001,9,1
1712805401,7,2
1712805402,7,1
1712805403,1,2
1712805404,1,1
1712805701,6,1
1712805702,10,1
1712805703,9,2
1712805901,9,2
1712807301,5,3
1712808101,5,2
1712808102,5,1
1712808901,7,1
1712808902,7,2
1712814801,10,1
1712815501,8,2
1712815502,6,2
1712816901,6,1
1712816902,7,2
1712817001,6,3
1712818901,6,2
1712818902,6,1
1712819401,6,1
1712819901,7,2
1712822601,5,1
1712822602,5,2
1712823401,11,2
1712823901,6,2
1712823902,6,1
1712825101,7,1
1712825102,7,2
1712825401,10,1
1712825402,8,1
1712825403,6,1
1712826001,10,2
1712826401,8,1
1712826402,7,1
1712827801,11,1
1712827802,8,2
1712829701,10,2
1712830201,7,2
1712830601,6,1
1712830602,6,2
1712831801,7,1
1712832101,6,2
1712832501,8,1
1712832502,8,1
1712832503,3,1
1712832504,2,1
1712835801,7,1
1712835802,6,2
1712837801,6,1
1712837802,6,1
1712837803,6,1
1712841901,7,1
1712841902,6,2
1712843001,8,2
1712843901,8,1
1712844501,9,2
1712844801,6,2
1712849901,8,2
1712849902,7,1
1712852401,5,1
1712852501,6,2
1712852502,6,2
1712857301,6,2
1712857302,7,1
1712857801,6,1
1712857802,5,2
1712862201,10,2
1712862202,11,1
1712862301,6,1
1712862901,9,1
1712864001,6,2
1712864002,6,1
1712864401,7,2
1712865501,6,2
1712865502,7,1
1712866701,6,1
1712866702,7,2
1712867601,7,2
1712867602,10,1
1712867901,7,1
1712867902,7,2
1712867903,2,2
1712869101,8,2
1712870201,6,2
1712870901,8,1
1712871401,6,1
1712871402,6,2
1712871403,1,1
1712874801,7,1
1712876001,6,2
1712876002,7,1
1712877001,6,2
1712877002,6,2
1712877701,8,1
1712877702,8,2
1712877703,2,2
1712880201,11,1
1712880202,10,2
1712883101,10,2
1712883901,9,2
1712883902,8,1
1712886401,6,2
1712886402,6,1
1712889601,10,1
1712889602,10,2
1712891201,9,1
1712891701,5,1
1712892201,5,2
1712892202,6,2
1712892501,7,2
1712892502,7,1
1712892503,2,2
1712892504,2,1
1712892801,7,1
1712896601,7,2
1712897401,7,2
1712897601,9,2
1712897602,9,1
1712900701,7,2
1712901001,11,1
1712901002,11,2
1712903301,6,2
1712903302,6,1
1712906801,8,1
1712906802,7,2
1712908201,8,1
1712908202,8,2
1712908203,3,1
1712908501,7,1
1712908502,7,2
1712908503,2,1
1712908504,1,1
1712913701,6,1
1712914301,8,2
1712914302,8,1
1712916101,9,1
1712916102,9,2
1712917001,6,2
1712917002,7,1
1712917901,9,1
1712918301,6,2
1712918302,7,1
1712919601,7,1
1712919602,7,2
1712923801,6,2
1712923802,6,1
1712924301,6,2
1712926501,7,1
1712926502,6,2
1712926503,1,1
1712927401,11,2
1712927801,7,2
1712927802,1,1
1712929001,6,3
1712930501,6,4
1712930502,8,4
1712930901,6,1
1712930902,6,2
1712931201,9,2
1712931202,9,1
1712931601,10,2
1712932701,6,2
1712932702,6,1
1712933001,10,2
1712934001,7,1
1712934002,6,1
1712934601,10,2
1712934602,11,1
1712936101,7,1
1712937901,10,2
1712937902,10,1
1712939401,11,1
1712939402,10,2
1712940601,6,1
1712941901,6,1
1712941902,6,2
1712943801,7,2
1712943802,6,1
1712943803,1,2
1712946601,7,1
1712947401,9,2
1712947402,10,1
1712947901,8,1
1712947902,7,2
1712947903,2,2
1712949401,6,2
1712949402,5,1
1712949801,7,1
1712949802,7,2
1712949803,1,2
1712951301,8,1
1712951302,7,2
1712951501,11,1
1712951502,11,2
1712952301,9,2
1712955901,5,1
1712956201,6,2
1712956202,6,1
1712957301,10,2
1712957302,10,1
1712957501,9,2
1712957502,8,1
1712957503,5,1
1712957504,5,2
1712960301,8,1
1712960302,6,1
1712960901,8,2
1712960902,8,1
1712961001,6,2
1712961501,10,1
1712961502,10,2
1712968101,6,1
1712968102,6,2
1712968103,1,1
1712969201,9,2
1712969202,6,2
1712971101,10,2
1712971201,9,1
1712971202,9,2
1712971701,6,2
1712971702,6,2
1712971703,9,1
1712971704,9,2
1712972201,6,2
1712972202,6,1
1712974101,5,2
1712977801,9,1
1712977802,9,1
1712978201,6,2
1712978202,6,1
1712979301,9,2
1712982001,7,1
1712982701,6,1
1712984601,8,1
1712984602,3,2
1712991201,6,1
1712994701,6,2
1712994702,6,1
1712994901,6,1
1712995001,9,2
1712995002,9,1
1712998001,6,1
1712998002,6,2
1712998501,8,2
1712998502,8,1
1713001401,6,1
1713003501,7,1
1713003502,7,2
1713003503,2,1
1713003504,1,1
1713004801,10,1
1713004802,11,2
1713006201,7,1
1713006202,7,2
1713006203,1,4
1713006701,9,2
1713006702,10,1
1713008401,5,2
1713009201,8,2
1713009801,6,2
1713010101,9,2
1713010201,12,1
1713011901,6,1
1713011902,6,2
1713012101,10,2
1713012102,10,1
1713014301,7,1
1713015501,6,1
1713015502,6,1
1713015801,9,2
1713015802,11,1
1713019001,6,2
1713019002,6,1
1713019003,1,2
1713019004,1,2
1713019501,7,1
1713019502,7,1
1713019503,2,2
1713019504,1,1
1713019505,1,1
1713021301,5,1
1713023401,7,1
1713023402,7,2
1713025701,9,1
1713025801,7,1
1713025802,7,2
1713025803,1,1
1713025804,1,2
1713028901,5,1
1713028902,6,2
1713029101,7,1
1713029102,7,2
1713029103,1,2
1713029104,1,1
1713029601,7,1
1713029602,7,2
1713029603,2,1
1713031801,10,2
1713031802,10,1
1713032201,8,2
1713032202,8,1
1713032901,6,2
1713032902,6,1
1713032903,1,1
1713032904,1,2
1713033501,10,1
1713033502,10,2
1713040601,10,1
1713040602,10,2
1713041401,9,1
1713041801,9,1
1713041802,8,2
1713041803,3,2
1713041804,2,2
1713044201,11,1
1713044202,11,1
1713045101,5,2
1713045102,5,1
1713045201,6,1
1713047201,6,1
1713047801,9,2
1713047901,10,1
1713049601,9,1
1713049602,8,2
1713049603,6,1
1713049901,9,2
1713051201,6,1
1713051202,6,1
1713051203,5,2
1713052801,10,1
1713052802,9,2
1713052803,5,1
1713053501,7,1
1713058801,10,2
1713060901,7,1
1713061001,9,2
1713061002,11,1
1713061101,7,1
1713061102,5,2
1713062201,6,1
1713063501,5,1
1713064401,7,1
1713064402,7,2
1713064403,1,1
1713064801,6,1
1713064802,6,2
1713064803,1,4
1713069801,6,2
1713069802,6,1
1713072201,6,1
1713072202,6,2
1713072901,7,1
1713072902,7,2
1713073101,7,1
1713074001,7,2
1713074201,6,1
1713074301,7,1
1713074302,7,2
1713074303,1,1
1713075101,8,1
1713080301,7,2
1713087301,6,2
1713087302,6,1
1713089301,6,1
1713089302,7,2
1713089303,1,2
1713092301,6,2
1713092401,6,1
1713092402,6,2
1713093001,7,2
1713093002,6,2
1713093101,6,2
1713093102,6,1
1713098001,8,1
1713099601,11,2
1713099602,8,1
1713100501,7,2
1713100502,7,1
1713100503,1,4
1713100504,1,4
1713100801,8,1
1713100802,4,1
1713101701,9,1
1713101702,8,1
1713102201,7,1
1713102901,8,1
1713103401,7,2
1713103402,7,1
1713103403,1,1
1713104901,9,2
1713104902,12,2
1713105901,9,2
1713106501,6,1
1713106601,12,2
1713108801,7,2
1713108802,2,1
1713109701,9,2
1713110801,7,2
1713110802,9,2
1713113201,6,1
1713116201,8,1
1713116202,8,2
1713116203,3,1
1713116204,3,2
1713120301,6,2
1713120302,6,1
1713122601,10,2
1713122801,7,2
1713122901,10,1
1713126601,8,1
1713126602,8,2
1713129701,6,4
1713129702,6,1
1713134401,11,1
1713134402,11,2
1713135601,7,1
1713138201,7,1
1713138202,8,2
1713140701,8,1
1713140702,8,2
1713140703,5,1
1713140704,4,1
1713144001,7,1
1713144002,7,1
1713145401,5,1
1713145402,6,2
1713148301,7,1
1713148302,6,2
1713148303,2,1
1713149301,11,1
1713150501,6,2
1713152301,7,2
1713152302,7,1
1713152303,2,1
1713152304,1,1
1713154701,6,1
1713154702,6,2
1713156401,7,1
1713156402,7,2
1713157501,6,1
1713157502,5,2
1713161201,9,1
1713163901,6,2
1713163902,6,1
1713163903,2,2
1713163904,1,2
1713164301,9,1
1713165401,9,1
1713165601,6,2
1713165602,6,1
1713168101,6,2
1713168102,7,1
1713169301,9,2
1713170301,8,1
1713170302,2,1
1713170303,2,2
1713171501,6,1
1713174001,7,1
1713174501,6,2
1713174502,6,1
1713176701,9,2
1713178101,7,2
1713178102,2,1
1713178103,10,2
1713180001,10,1
1713180002,9,2
1713181601,9,1
1713181602,7,2
1713182401,8,2
1713184801,9,2
1713187901,10,1
1713187902,10,2
1713188301,7,2
1713188302,7,1
1713188401,7,1
1713188402,8,2
1713189801,6,2
1713189802,7,1
1713190601,7,1
1713190602,7,2
1713192101,6,1
1713192701,10,2
1713192702,6,1
1713193001,6,2
1713193002,6,1
1713195801,6,2
1713195802,6,1
1713195803,6,2
1713197101,6,2
1713198101,9,2
1713198901,7,1
1713200101,8,2
1713200102,7,1
1713200103,3,1
1713208201,5,2
1713208202,5,1
1713208301,7,1
1713208302,7,4
1713208303,1,4
1713208304,1,4
1713209001,6,2
1713209002,6,2
1713209101,6,2
1713209102,6,2
1713216701,5,1
1713218001,8,1
1713218002,8,2
1713218003,2,1
1713219701,9,2
1713223501,7,2
1713223502,2,2
1713228401,7,2
1713228402,7,1
1713228403,3,2
1713228404,1,2
1713229201,8,1
1713229202,4,4
1713230101,7,2
1713230102,7,2
1713230201,10,4
1713230202,10,4
1713230501,6,2
1713230502,6,1
1713233101,6,1
1713233301,6,4
1713233302,6,4
1713234201,7,1
1713234202,7,2
1713234203,1,1
1713236401,6,1
1713236402,6,2
1713237001,6,2
1713240401,10,2
1713241101,9,1
1713241102,9,2
1713242101,7,2
1713245801,10,1
1713245802,5,2
1713246701,10,2
1713251801,6,2
1713251802,6,1
1713252401,7,1
1713252701,7,1
1713252702,6,2
1713252703,2,2
1713252704,1,2
1713257001,5,1
1713257002,5,2
1713258001,6,2
1713258002,6,1
1713260901,7,2
1713260902,7,1
1713260903,2,1
1713260904,1,2
1713262501,9,2
1713265101,10,2
1713266201,9,2
1713266901,9,1
1713267401,6,1
1713267901,7,2
1713268801,6,1
1713269301,8,2
1713269302,8,1
1713269303,3,2
1713269901,6,1
1713270401,8,2
1713271401,6,4
1713272801,6,1
1713273101,5,2
1713273102,6,1
1713274401,8,1
1713274402,9,2
1713279301,7,2
1713279302,7,1
1713280101,6,1
1713280102,6,2
1713280501,7,2
1713283301,9,1
1713283302,8,2
1713283801,7,2
1713283802,2,2
1713283803,2,1
1713284101,5,1
1713284102,5,1
1713284301,6,1
1713284302,6,2
1713284303,1,1
1713284304,1,2
1713285901,8,2
1713285902,3,1
1713285903,1,1
1713286201,11,1
1713286202,10,2
1713288101,9,2
1713288102,5,2
1713290801,5,1
1713290802,8,2
1713290803,8,1
1713290804,5,2
1713291101,8,1
1713291102,8,1
1713291201,6,1
1713292401,8,1
1713292402,8,2
1713292403,4,2
1713293001,10,2
1713293002,9,2
1713293201,7,2
1713293202,2,2
1713293203,2,2
1713293601,9,1
1713293602,9,2
1713295501,7,1
1713295701,7,2
1713295702,7,1
1713295703,2,1
1713295704,2,1
1713297501,8,1
1713298601,7,1
1713298602,6,2
1713300201,10,1
1713300202,9,2
1713300401,6,2
1713300402,6,1
1713300501,7,2
1713300502,7,2
1713300503,3,1
1713300504,2,1
1713300505,2,1
1713300506,4,2
1713300507,1,1
1713300701,10,2
1713300702,11,1
1713301601,10,2
1713302201,6,1
1713304501,7,1
1713304502,7,2
1713304503,2,1
1713304504,1,2
1713304505,9,2
1713304506,10,1
1713305301,9,2
1713305302,9,1
1713308901,6,2
1713308902,6,2
1713309801,6,1
1713309802,5,1
1713309803,6,2
1713309804,6,2
1713309901,6,2
1713311701,8,1
1713311702,8,2
1713311703,2,2
1713311704,2,2
1713317301,9,2
1713327601,11,1
1713330701,7,2
1713330702,7,1
1713330703,1,2
1713332101,8,2
1713334601,6,2
1713334602,6,1
1713338201,6,2
1713338202,6,1
1713338901,8,1
1713338902,8,2
1713338903,2,1
1713338904,2,2
1713339901,9,2
1713339902,8,1
1713341801,6,2
1713341802,6,1
1713342701,7,2
1713342702,7,1
1713342901,7,1
1713344301,7,1
1713344302,6,2
1713344303,1,1
1713345801,9,2
1713346201,6,2
1713346202,7,1
1713347001,9,1
1713347002,9,2
1713349501,10,2
1713349502,10,1
1713349601,6,1
1713349602,6,2
1713350101,7,1
1713350901,9,2
1713350902,10,1
1713351401,11,1
1713351402,9,2
1713352601,6,1
1713352602,6,2
1713357301,9,1
1713357302,9,2
1713359801,10,2
1713361301,7,1
1713361302,6,2
1713364901,6,2
1713368701,6,1
1713368901,6,1
1713368902,5,2
1713369101,11,1
1713369501,10,2
1713369502,10,1
1713372001,10,2
1713372401,6,2
1713373401,8,1
1713375101,9,2
1713377501,6,1
1713377502,6,2
1713381201,6,1
1713381901,5,2
1713384201,9,2
1713384202,10,1
1713391001,5,1
1713391002,6,1
1713391003,6,1
1713391004,6,1
1713391501,8,1
1713391601,10,1
1713391602,9,2
1713392301,8,2
1713392302,8,1
1713393701,6,1
1713393702,6,2
1713394001,11,2
1713394601,6,2
1713396001,7,1
1713396002,10,2
1713396401,7,2
1713396402,8,1
1713396403,2,1
1713396404,1,2
1713396901,6,1
1713398701,6,1
1713399601,10,2
1713399602,10,1
1713404401,8,1
1713404402,7,2
1713404403,5,1
1713404801,6,1
1713410501,9,2
1713411201,10,1
1713413001,6,1
1713414501,6,2
1713414502,6,1
1713414503,1,2
1713414801,6,1
1713421801,6,1
1713422301,9,1
1713422302,8,2
1713423501,7,1
1713423502,7,2
1713423503,2,2
1713423504,1,1
1713427001,5,2
1713427201,6,2
1713427202,6,1
1713427701,9,2
1713429801,10,2
1713429802,11,1
1713431701,10,2
1713431702,7,1
1713431703,10,2
1713432201,9,2
1713432202,9,1
1713432203,5,1
1713436301,9,2
1713436501,6,2
1713436502,6,1
1713437301,7,1
1713437302,6,2
1713437303,2,1
1713438101,8,2
1713438701,8,1
1713438702,9,1
1713443201,10,2
1713443202,10,1
1713443301,7,1
1713443302,7,2
1713443303,2,2
1713443304,1,1
1713443901,6,1
1713443902,6,2
1713448901,7,2
1713448902,7,1
1713450501,7,1
1713450502,6,2
1713450503,1,2
1713452201,6,1
1713454101,6,1
1713455501,5,2
1713455502,5,2
1713456401,9,2
1713456402,3,2
1713456501,7,2
1713456502,4,2
1713456503,3,2
1713457301,6,1
1713457302,1,2
1713459201,7,1
1713459701,6,1
1713459801,5,2
1713459802,6,1
1713460301,10,2
1713460302,9,1
1713465001,7,1
1713465002,6,2
1713465003,1,1
1713466701,8,1
1713466702,9,2
1713466901,6,2
1713466902,6,1
1713469201,6,1
1713469801,7,1
1713469802,7,2
1713469803,1,2
1713471201,6,2
1713473201,9,1
1713473202,9,2
1713473301,8,1
1713473302,8,2
1713473303,2,2
1713475101,9,1
1713475102,10,2
1713475401,10,1
1713475402,10,2
1713478801,10,2
1713481801,7,1
1713481802,7,2
1713481803,3,1
1713481804,2,1
1713482101,8,2
1713482901,10,1
1713484001,9,2
1713484002,9,1
1713485201,9,2
1713486101,10,1
1713486102,10,2
1713491501,6,1
1713491601,6,2
1713491602,6,1
1713491801,6,1
1713491802,6,2
1713491803,6,1
1713493501,8,1
1713493901,7,2
1713493902,7,2
1713500601,6,2
1713500901,9,1
1713500902,9,2
1713500903,6,2
1713501401,6,2
1713502001,8,2
1713502601,7,2
1713505801,7,1
1713505802,7,2
1713505803,1,2
1713508601,8,1
1713510001,6,2
1713510501,6,2
1713514101,7,1
1713514102,7,2
1713514103,3,1
1713514104,1,1
1713514501,6,1
1713514502,7,2
1713514503,2,1
1713514504,1,1
1713516401,6,2
1713516402,6,1
1713518701,7,1
1713518702,7,2
1713518703,2,2
1713518704,2,1
1713519601,8,2
1713519602,8,1
1713519603,5,2
1713519604,4,2
1713522101,6,1
1713522102,6,2
1713526901,7,2
1713527601,6,1
1713527701,9,1
1713527702,9,2
1713534001,8,1
1713534002,8,2
1713534003,3,2
1713534004,3,2
1713537401,6,2
1713537402,6,1
1713537403,1,2
1713537404,1,1
1713537701,9,2
1713537702,9,1
1713542701,7,2
1713542702,3,2
1713542703,2,1
1713546501,5,1
1713547201,11,2
1713549901,8,2
1713549902,8,1
1713549903,2,2
1713549904,2,1
1713551901,6,2
1713551902,1,1
1713552901,10,2
1713553101,7,1
1713553102,7,2
1713554701,8,2
1713554702,9,1
1713554703,4,1
1713554901,10,2
1713555101,11,1
1713556701,6,2
1713557301,10,1
1713559201,10,1
1713559202,10,2
1713562101,8,2
1713562102,5,1
1713562103,8,1
1713563901,5,2
1713565401,6,1
1713565402,6,2
1713569501,8,1
1713569502,7,2
1713570701,7,2
1713570702,7,1
1713578901,6,2
1713578902,5,2
1713578903,6,2
1713578904,5,2
1713581601,5,1
1713582401,8,2
1713582402,8,2
1713582403,3,1
1713582404,2,2
1713582801,6,1
1713582802,7,2
1713583501,8,1
1713583502,8,2
1713583503,2,2
1713583901,5,1
1713587101,8,1
1713587102,7,2
1713587103,1,1
1713587401,9,2
1713587402,9,1
1713587403,6,1
1713588301,7,1
1713588302,7,2
1713588303,2,1
1713588304,1,1
1713588401,9,4
1713588402,9,2
1713588403,6,1
1713588404,6,2
1713589501,6,2
1713589502,7,1
1713589901,7,1
1713589902,7,1
1713589903,7,2
1713591601,11,1
1713594601,7,2
1713594602,7,1
1713594603,2,2
1713594604,1,2
1713595901,7,1
1713595902,7,4
1713595903,3,4
1713595904,2,4
1713595905,2,4
1713595906,2,4
1713596301,8,1
1713596302,8,2
1713596303,4,1
1713596501,6,1
1713596502,8,1
1713597301,10,2
1713597701,7,1
1713597702,9,1
1713599901,7,2
1713599902,7,1
1713601701,5,2
1713601702,5,2
1713602001,10,2
1713603201,6,2
1713605801,5,1
1713606801,7,2
1713606802,8,1
1713606803,1,2
1713606804,1,2
1713607901,7,1
1713610401,10,2
1713610501,5,2
1713610502,5,1
1713611801,9,2
1713611802,8,1
1713612201,9,2
1713612202,9,1
1713612701,6,1
1713612702,6,2
1713613901,9,1
1713613902,8,2
1713613903,3,1
1713615801,7,2
1713615802,8,1
1713616301,5,2
1713617901,6,2
1713618401,8,1
1713618402,8,2
1713618403,5,1
1713618404,4,1
1713618405,3,1
1713618406,2,2
1713618801,10,2
1713619401,7,1
1713619402,8,2
1713619403,3,1
1713619404,3,2
1713620001,7,2
1713620002,6,2
1713620101,8,1
1713620102,6,2
1713620103,1,1
1713620104,1,1
1713620105,1,1
1713622101,6,1
1713622501,12,2
1713622502,9,2
1713622503,9,1
1713622601,,2
1713625101,9,2
1713625102,9,1
1713627501,8,2
1713627502,8,1
1713628701,6,1
1713628702,6,1
1713636901,6,1
1713636902,6,2
1713637901,10,1
1713637902,9,2
1713638301,8,2
1713639801,6,1
1713639901,7,1
1713639902,7,2
1713640001,9,1
1713640002,8,2
1713640003,5,1
1713640004,5,2
1713646801,7,2
1713647101,6,2
1713647102,6,1
1713647103,3,2
1713649301,9,2
1713650501,7,1
1713650502,6,2
1713653701,7,1
1713657001,8,1
1713657002,8,2
1713657003,2,2
1713657004,1,1
1713657101,8,2
1713657102,8,1
1713659901,6,1
1713659902,6,2
1713659903,1,2
1713659904,1,2
1713660901,8,1
1713660902,7,2
1713660903,1,1
1713660904,1,1
1713662401,8,1
1713670301,6,2
1713671201,7,2
1713671202,7,1
1713673301,9,1
1713673501,10,2
1713673502,10,2
1713677001,6,2
1713677002,6,1
1713678001,11,1
1713678002,11,2
1713679401,5,2
1713679402,5,2
1713679801,8,2
1713679802,7,1
1713683401,6,1
1713683601,7,1
1713683602,6,2
1713685201,9,2
1713686301,6,2
1713686302,6,1
1713686303,2,2
1713686304,1,2
1713687201,5,1
1713687901,7,1
1713688901,10,2
1713688902,11,1
1713691001,6,1
1713691002,6,2
1713693701,6,1
1713693702,6,2
1713697601,6,1
1713697602,6,2
1713699501,5,1
1713699502,1,1
1713699503,5,2
1713699504,7,1
1713699701,7,2
1713699702,7,1
1713700301,9,2
1713700601,8,1
1713700801,6,1
1713700802,6,2
1713705201,7,2
1713705202,7,1
1713705203,1,1
1713705801,11,2
1713705802,12,1
1713707201,6,2
1713707202,7,1
1713707203,4,2
1713707204,3,2
1713707205,3,2
1713707206,2,2
1713707601,7,1
1713707602,1,2
1713707603,7,2
1713710301,8,1
1713710302,8,2
1713711001,6,2
1713711002,6,2
1713711501,9,1
1713711502,5,1
1713712201,7,1
1713712202,7,1
1713714301,7,1
1713714302,6,2
1713718701,6,1
1713719401,7,1
1713719402,7,2
1713719403,2,2
1713719404,2,1
1713719405,1,1
1713720101,8,2
1713722701,8,2
1713723001,6,1
1713723002,6,1
1713724201,9,1
1713724501,9,2
1713725201,8,1
1713727501,6,2
1713729001,6,1
1713729002,6,2
1713730101,9,2
1713732101,10,2
1713732601,9,2
1713732602,5,1
1713733201,6,2
1713734801,6,2
1713734802,6,1
1713738201,7,2
1713738202,7,1
1713738203,2,1
1713738901,6,2
1713738902,6,1
1713742501,8,1
1713742502,7,1
1713742701,8,2
1713742702,9,1
1713742901,7,2
1713742902,7,1
1713742903,1,2
1713742904,1,2
1713745601,11,1
1713745602,6,2
1713745603,1,2
1713745604,6,1
1713745605,8,2
1713750801,8,1
1713754401,7,2
1713755201,10,2
1713756201,10,1
1713756301,6,2
1713756302,6,1
1713756303,2,1
1713756304,2,1
1713757701,7,2
1713757702,7,1
1713757703,3,1
1713757704,2,1
1713757705,10,2
1713758001,6,1
1713758002,6,2
1713758003,2,1
1713758004,1,1
1713758401,8,1
1713758402,9,2
1713758403,3,1
1713761601,11,1
1713762601,7,1
1713762602,7,2
1713762603,1,2
1713763101,9,2
1713763801,8,1
1713763802,7,2
1713763803,1,2
1713768201,7,1
1713768202,6,2
1713768203,1,2
1713768701,8,2
1713768702,8,1
1713769901,7,2
1713769902,7,1
1713769903,2,2
1713771201,10,4
1713771901,6,2
1713771902,2,1
1713771903,2,2
1713771904,1,1
1713772701,6,1
1713772702,6,2
1713774101,9,1
1713774102,5,2
1713777101,11,1
1713777102,11,2
1713777103,8,1
1713780801,7,1
1713782001,10,1
1713783101,9,1
1713783102,9,2
1713785101,6,1
1713785102,7,2
1713787601,7,2
1713788001,10,2
1713792001,10,2
1713792002,5,2
1713793501,6,1
1713793502,6,
1713797401,7,1
1713797402,6,2
1713798201,9,1
1713798202,9,2
1713800501,8,1
1713800701,6,1
1713800702,6,2
1713801301,8,1
1713801302,8,2
1713806101,9,1
1713806701,5,1
1713806702,7,1
1713807601,6,1
1713807602,6,2
1713808101,6,1
1713808102,6,2
1713808103,1,2
1713808104,1,2
1713809801,8,2
1713809802,8,1
1713809803,3,1
1713809804,2,2
1713812201,7,1
1713814701,5,2
1713814702,5,1
1713816101,10,2
1713816102,6,1
1713819301,10,2
1713822501,9,2
1713825601,7,1
1713830801,6,1
1713833201,7,2
1713834301,8,1
1713834302,8,2
1713834303,3,4
1713835101,9,2
1713836101,6,1
1713836102,6,2
1713838701,7,1
1713838702,2,2
1713839101,9,1
1713839102,10,2
1713840101,6,1
1713840102,6,2
1713840601,7,2
1713840602,1,2
1713842901,9,1
1713847001,8,1
1713851601,6,1
1713851602,6,2
1713852001,8,2
1713852002,11,2
1713856101,6,1
1713860101,10,1
1713860102,10,2
1713860201,5,2
1713860202,5,2
1713860203,5,2
1713861301,6,1
1713861302,6,2
1713861303,6,1
1713862401,7,1
1713862402,6,2
1713862403,2,1
1713862404,1,1
1713863201,7,1
1713863202,7,2
1713863203,2,1
1713863204,1,1
1713864401,6,2
1713864402,6,1
1713864403,1,1
1713864404,1,2
1713866001,11,2
1713866002,11,1
1713867501,9,1
1713867502,9,2
1713869401,6,1
1713869402,7,2
1713869901,5,1
1713874401,6,1
1713874402,5,2
1713874403,5,1
1713875201,8,1
1713878501,6,1
1713880001,7,1
1713880002,6,2
1713881301,6,1
1713881302,5,2
1713881701,10,1
1713881702,10,2
1713884201,7,2
1713884202,7,1
1713884203,1,2
1713884204,1,2
1713885201,7,1
1713888101,12,2
1713888801,8,2
1713888802,8,2
1713894401,10,2
1713894402,10,1
1713896001,10,1
1713896501,7,2
1713896502,2,2
1713896901,9,2
1713898901,5,2
1713898902,5,1
1713903201,6,1
1713904101,7,2
1713905101,7,1
1713905102,6,1
1713905301,5,1
1713907301,8,1
1713907701,9,1
1713907702,8,2
1713908001,8,2
1713908002,5,1
1713908003,2,2
1713909801,8,1
1713909802,8,2
1713910601,9,1
1713910602,9,2
1713910603,6,1
1713910701,7,1
1713910702,7,2
1713916101,10,2
1713916901,7,2
1713916902,6,1
1713916903,1,2
1713917501,8,2
1713917502,8,1
1713917503,3,1
1713917504,4,1
1713918701,8,1
1713918702,8,2
1713922701,10,1
1713923001,7,1
1713923002,6,2
1713923003,1,1
1713923004,2,1
1713923901,6,2
1713924901,6,1
1713926201,9,2
1713929501,7,1
1713929502,7,1
1713931501,11,1
1713931502,11,2
1713931701,6,1
1713932001,9,1
1713932002,9,2
1713934501,6,2
1713934502,6,1
1713935201,10,2
1713935601,10,1
1713935602,10,2
1713936601,9,2
1713941601,8,1
1713941801,8,1
1713941802,4,4
1713942801,7,1
1713943001,7,1
1713943501,8,2
1713943502,8,1
1713944501,9,1
1713946101,8,1
1713946102,8,2
1713946103,4,1
1713946104,3,1
1713946601,7,1
1713946602,8,2
1713949901,8,1
1713949902,9,1
1713952201,6,2
1713952202,6,1
1713952301,8,2
1713953701,9,2
1713954001,7,2
1713954601,,2
1713955001,6,2
1713955002,6,1
1713959001,6,1
1713959002,7,1
1713959801,11,1
1713959802,11,2
1713959803,7,2
1713960501,6,1
1713962101,6,1
1713962102,6,2
1713963701,5,1
1713963702,5,2
1713964201,6,1
1713968001,9,1
1713968002,7,1
1713968401,9,2
1713969801,6,1
1713969802,6,2
1713973201,6,2
1713974501,7,1
1713974502,7,2
1713974601,8,2
1713976201,7,2
1713977501,6,1
1713977502,6,2
1713977503,1,2
1713980601,5,2
1713980602,5,2
1713980603,5,2
1713981101,10,2
1713981102,10,1
1713982601,9,1
1713982602,9,2
1713983801,9,2
1713985601,6,1
1713987701,6,1
1713987702,6,2
1713987703,2,2
1713987704,2,1
1713988901,6,2
1713988902,6,1
1713990401,11,2
1713990402,11,1
1713990601,9,2
1713990801,8,1
1713990802,7,2
1713990803,3,2
1713991601,5,1
1713993501,10,2
1713993502,10,1
1713997401,9,2
1713997402,9,1
1713997501,7,2
1713998501,6,2
1713998502,6,1
1713999201,7,2
1713999202,8,1
1713999203,1,1
1713999801,10,2
1714004901,7,2
1714009101,8,1
1714010601,6,1
1714010602,6,2
1714010603,1,1
1714010604,1,1
1714017001,9,2
1714017002,9,1
1714019401,6,1
1714019402,6,2
1714019403,1,2
1714024001,7,1
1714024002,7,2
1714024003,2,1
1714025201,6,2
1714025202,7,1
1714026701,11,2
1714028001,9,1
1714028002,10,2
1714034001,7,1
1714034401,7,1
1714034402,6,2
1714034601,6,1
1714034602,6,2
1714035401,8,4
1714035402,8,4
1714036101,7,2
1714036102,7,1
1714043301,9,2
1714045401,7,2
1714047901,12,2
1714049101,6,2
1714049102,5,2
1714049501,6,1
1714049502,6,2
1714050001,7,1
1714053701,6,2
1714053702,6,1
1714053801,7,2
1714053802,7,1
1714055201,6,1
1714058301,7,1
1714059301,8,2
1714059302,10,1
1714063601,10,2
1714063801,5,2
1714063802,8,1
1714063803,8,2
1714063804,5,2
1714063805,3,2
1714063901,5,2
1714063902,7,2
1714063903,7,1
1714066801,8,1
1714067001,8,2
1714067002,8,1
1714067003,3,1
1714067004,2,2
1714067501,6,1
1714067502,6,2
1714067503,5,1
1714068001,6,2
1714069901,8,2
1714069902,5,2
1714071501,7,2
1714071502,8,1
1714074501,8,1
1714075401,7,1
1714075402,7,1
1714077801,6,2
1714078001,9,2
1714078002,8,1
1714078701,9,2
1714078702,9,1
1714079601,7,2
1714079602,8,1
1714082001,8,2
1714084001,10,2
1714084002,12,1
1714086001,10,1
1714086002,9,2
1714087001,9,2
1714087002,9,1
1714091101,6,3
1714091102,6,3
1714094101,6,1
1714094102,7,1
1714094301,9,1
1714094302,8,2
1714097601,6,1
1714097602,6,2
1714097603,1,1
1714100801,6,2
1714102101,11,2
1714102102,11,1
1714102901,11,2
1714103301,7,2
1714103701,6,1
1714103702,6,2
1714104101,6,2
1714106001,9,2
1714106002,10,1
1714106501,8,1
1714106502,7,2
1714106503,2,2
1714106504,2,2
1714106505,10,2
1714109701,10,1
1714109702,9,2
1714109703,5,1
1714110201,11,1
1714113601,6,1
1714113602,6,2
1714117201,7,2
1714117202,7,1
1714117701,9,2
1714119101,6,1
1714119102,6,2
1714119201,7,1
1714119202,7,2
1714119501,7,1
1714119502,7,2
1714122101,6,2
1714122102,7,1
1714122103,1,1
1714122401,9,2
1714122402,9,1
1714122403,5,1
1714124301,8,1
1714124302,12,2
1714124303,10,2
1714124801,6,2
1714124802,1,1
1714125101,8,1
1714127501,11,2
1714127502,10,1
1714131701,6,2
1714131702,6,1
1714134601,5,2
1714134602,5,1
1714136601,9,1
1714138001,6,1
1714143001,6,1
1714143101,6,2
1714143102,7,1
1714143301,7,2
1714145401,6,2
1714146601,8,1
1714146602,8,2
1714147801,9,1
1714148101,7,1
1714148102,6,2
1714148103,1,1
1714148201,6,1
1714148202,6,2
1714151001,7,1
1714151002,7,2
1714151801,7,1
1714152601,9,2
1714152602,10,1
1714152701,6,2
1714152702,6,1
1714155101,8,2
1714158901,7,1
1714158902,6,2
1714159301,7,2
1714160701,10,2
1714160702,9,1
1714161601,7,1
1714163501,6,2
1714163502,2,2
1714164501,6,1
1714166001,5,2
1714166002,7,1
1714166003,7,2
1714166004,2,2
1714166101,7,1
1714166102,1,2
1714166103,7,2
1714166104,1,1
1714167601,10,2
1714168401,7,1
1714168402,7,2
1714168403,4,1
1714170101,9,1
1714170102,9,2
1714172401,7,1
1714173301,9,2
1714174001,10,1
1714174002,10,2
1714174101,6,1
1714174102,6,2
1714176701,6,1
1714176702,6,2
1714178801,8,1
1714179201,8,2
1714179202,9,1
1714179203,4,
1714179204,4,2
1714181901,7,2
1714181902,6,1
1714181903,1,1
1714182101,6,1
1714182102,6,2
1714182103,1,1
1714183401,8,2
1714183402,8,1
1714183403,3,1
1714183501,6,2
1714185201,5,2
1714185202,5,1
1714185701,10,2
1714186201,7,1
1714187201,8,2
1714187202,8,1
1714187401,7,1
1714187402,7,2
1714187403,2,2
1714187404,2,2
1714187501,7,1
1714187502,8,2
1714187503,2,1
1714187504,2,2
1714187601,10,2
1714189101,8,1
1714190901,6,2
1714190902,6,1
1714190903,1,1
1714190904,1,2
1714191801,10,1
1714191802,10,2
1714193301,6,2
1714193302,6,1
1714193901,8,1
1714194201,8,2
1714194202,8,1
1714194203,4,2
1714194204,2,2
1714195701,7,1
1714195702,7,2
1714195703,2,1
1714195704,2,2
1714198401,7,1
1714198402,7,1
1714199201,9,2
1714199501,9,1
1714199601,8,2
1714199602,7,1
1714200501,8,1
1714200502,8,2
1714211301,7,2
1714211302,7,1
1714211303,2,2
1714212101,6,1
1714212102,6,2
1714212103,1,2
1714213801,6,2
1714213901,9,2
1714213902,10,1
1714214501,10,2
1714215201,7,2
1714215202,6,2
1714215601,8,1
1714219001,8,2
1714219002,9,1
1714220001,6,1
1714220701,6,1
1714220702,6,2
1714222501,7,1
1714222502,6,2
1714223001,10,1
1714223101,9,1
1714223102,8,2
1714225701,6,1
1714225702,6,2
1714229001,6,1
1714229002,6,2
1714231501,10,1
1714239701,7,2
1714239702,7,1
1714239703,4,2
1714239704,2,1
1714240301,6,1
1714241701,6,2
1714241702,6,1
1714243501,9,2
1714245301,6,1
1714245302,6,2
1714247101,6,2
1714247102,6,1
1714248001,8,1
1714248002,8,2
1714248003,4,1
1714248004,3,2
1714248005,2,1
1714248801,6,1
1714248802,6,2
1714249401,7,2
1714250401,9,1
1714251001,7,2
1714251002,7,1
1714251003,1,2
1714251201,6,2
1714251202,7,1
1714251901,11,2
1714251902,11,1
1714252901,6,2
1714252902,6,1
1714256001,9,1
1714256002,9,2
1714256601,6,2
1714258701,8,1
1714259301,6,3
1714260201,6,2
1714261901,8,2
1714261902,2,1
1714263001,8,1
1714263002,8,2
1714263003,2,2
1714265401,7,1
1714265402,6,2
1714265403,2,1
1714265501,11,2
1714265701,8,2
1714265702,9,1
1714266701,6,2
1714273401,6,2
1714273402,6,1
1714274101,6,2
1714274102,6,2
1714274901,7,1
1714276901,6,2
1714278301,8,2
1714278302,9,1
1714278303,5,2
1714278304,4,1
1714279101,7,2
1714279102,7,1
1714281801,9,1
1714281802,10,2
1714281803,6,2
1714284601,7,1
1714285801,7,2
1714285802,8,1
1714287101,7,2
1714287102,7,1
1714287103,1,1
1714287104,1,1
1714287105,1,2
1714287901,9,1
1714287902,8,1
1714289401,7,1
1714289402,8,1
1714290901,6,2
1714290902,6,2
1714291501,6,1
1714291502,6,2
1714292101,6,1
1714292102,1,1
1714292103,6,2
1714293601,8,1
1714293801,6,1
1714300401,10,2
1714300402,10,1
1714300403,5,1
1714300901,7,1
1714303101,5,1
1714303102,6,2
1714303901,9,2
1714303902,4,2
1714311601,12,2
1714311801,10,1
1714314401,7,1
1714314901,8,1
1714314902,4,1
1714315401,6,1
1714316201,5,2
1714319001,5,1
1714319301,6,2
1714319302,6,1
1714319401,6,2
1714319402,6,2
1714320701,6,2
1714320702,7,1
1714321001,7,2
1714321301,8,1
1714321302,8,2
1714321303,4,2
1714321304,3,1
1714322701,9,2
1714323201,6,2
1714323202,6,1
1714325801,9,2
1714325802,6,1
1714326201,9,1
1714328401,6,2
1714334001,5,2
1714334002,8,1
1714334003,7,2
1714334004,4,2
1714334301,6,2
1714335701,7,1
1714338601,6,2
1714339101,7,1
1714339102,6,2
1714341601,6,2
1714342201,6,2
1714342202,6,1
1714342401,6,1
1714342402,6,2
1714342501,9,1
1714344701,7,2
1714348301,8,2
1714348302,8,1
1714348303,4,2
1714348304,3,2
1714348801,6,2
1714348901,10,2
1714350601,8,1
1714350602,8,2
1714350603,5,2
1714350604,4,1
1714351301,6,1
1714351302,6,2
1714351303,2,2
1714351304,1,1
1714352401,10,2
1714353301,6,2
1714353302,6,1
1714354501,6,2
1714354502,6,1
1714354503,1,1
1714355901,6,1
1714356401,8,2
1714357201,6,1
1714357202,6,2
1714357203,1,1
1714358201,12,2
1714360001,8,2
1714360002,9,1
1714362001,7,1
1714362002,7,2
1714362003,1,2
1714362601,9,1
1714363401,8,2
1714363501,8,1
1714366201,6,4
1714366202,7,4
1714366203,2,4
1714371301,8,1
1714372001,9,1
1714372002,9,2
1714372003,6,2
1714372101,6,2
1714372701,6,1
1714372702,6,2
1714372901,6,1
1714372902,6,2
1714372903,1,2
1714372904,1,2
1714373001,7,1
1714373101,6,1
1714373102,2,4
1714373301,6,1
1714373302,6,2
1714374601,11,1
1714374602,11,2
1714375801,6,1
1714375802,6,2
1714375803,1,1
1714375804,1,2
1714376601,8,2
1714376602,9,1
1714377701,6,1
1714377702,6,2
1714378501,8,1
1714382401,10,2
1714382402,10,2
1714383001,8,1
1714384601,6,2
1714384602,6,1
1714384603,1,1
1714384604,1,2
1714386601,6,2
1714387501,6,1
1714389501,9,1
1714389502,7,2
1714389503,5,1
1714389601,8,1
1714389602,6,2
1714396401,6,1
1714399201,9,2
1714399202,10,1
1714400901,11,1
1714402601,10,2
1714402602,10,2
1714403901,7,1
1714403902,7,2
1714403903,2,1
1714403904,2,2
1714404501,6,2
1714404502,7,1
1714404901,7,2
1714407601,6,1
1714407602,6,2
1714408001,6,1
1714408002,6,2
1714408003,2,2
1714409801,10,1
1714410601,6,1
1714410602,6,2
1714411801,8,1
1714411802,7,2
1714414301,7,2
1714414302,5,2
1714414303,3,1
1714414304,3,1
1714414305,2,2
1714414306,1,2
1714415201,7,2
1714415202,7,1
1714415203,4,1
1714415204,1,1
1714415501,7,1
1714416901,7,1
1714416902,7,2
1714416903,1,2
1714419801,7,2
1714419802,6,1
1714421001,9,1
1714421002,9,2
1714422001,10,1
1714422002,9,2
1714422701,7,2
1714423901,6,2
1714423902,6,1
1714424301,8,1
1714424302,7,2
1714424303,1,1
1714424304,1,1
1714425801,6,2
1714425802,6,1
1714427201,10,2
1714427202,10,1
1714428301,9,1
1714428302,9,2
1714428801,6,2
1714428802,7,1
1714429001,6,1
1714429002,6,1
1714429003,6,1
1714429004,5,2
1714430101,10,1
1714430102,10,2
1714430401,7,1
1714432801,9,2
1714434801,10,1
1714434802,10,2
1714435501,6,2
1714435502,6,1
1714435503,2,2
1714435504,2,2
1714435505,1,2
1714436501,9,2
1714436502,8,1
1714437901,11,2
1714437902,11,1
1714440101,6,2
1714440102,7,1
1714440201,7,2
1714440501,9,1
1714440901,8,1
1714440902,9,1
1714447301,6,2
1714447302,7,1
1714447303,2,2
1714448001,10,2
1714450501,6,2
1714453901,6,2
1714453902,6,1
1714457301,7,1
1714457302,9,2
1714459601,7,2
1714461801,7,1
1714461802,7,2
1714461803,2,2
1714461804,1,2
1714463401,8,1
1714465101,10,2
1714465102,10,1
1714465801,10,1
1714465802,10,2
1714467801,9,2
1714468601,6,1
1714468602,6,2
1714469101,8,2
1714469102,9,1
1714469103,5,1
1714469104,5,1
1714469105,4,1
1714469106,3,2
1714469107,3,1
1714469108,2,2
1714469401,8,2
1714469701,8,2
1714470401,8,2
1714470701,11,2
1714472701,6,2
1714473401,9,1
1714477601,6,2
1714477602,7,2
1714478001,6,2
1714482601,10,2
1714483701,7,2
1714483702,7,1
1714483703,1,2
1714483704,1,1
1714486001,6,2
1714486002,6,1
1714488801,7,1
1714492901,6,1
1714492902,6,2
1714496601,7,2
1714496602,6,1
1714496901,11,2
1714499701,7,2
1714501701,10,2
1714501702,6,1
1714502401,5,1
1714502601,7,2
1714507701,6,1
1714507702,6,2
1714512901,9,2
1714514201,6,1
1714514202,6,2
1714516101,6,2
1714516102,6,1
1714518101,10,2
1714522601,6,1
1714522901,9,2
1714522902,10,1
1714525301,6,1
1714528701,6,1
1714528801,7,1
1714528802,7,2
1714529601,7,1
1714529701,10,2
1714530401,7,1
1714530402,7,1
1714532101,6,2
1714532102,7,1
1714532103,10,2
1714536701,7,1
1714539101,11,2
1714539102,11,1
1714543801,10,1
1714543802,10,2
1714548101,11,2
1714548102,11,1
1714549601,7,2
1714551001,8,1
1714551002,8,2
1714551003,3,2
1714552501,6,2
1714554201,6,2
1714555301,8,1
1714555302,8,2
1714555303,2,1
1714555901,6,1
1714555902,7,1
1714557201,11,1
1714557202,11,2
1714557501,6,2
1714557502,6,1
1714559301,6,2
1714559302,6,1
1714559701,8,2
1714567301,7,1
1714567302,7,2
1714567303,2,2
1714567304,1,2
1714571001,6,2
1714571701,10,1
1714571702,11,2
1714573001,6,2
1714573002,6,1
1714574601,7,1
1714578701,6,1
1714578702,6,2
1714580201,11,2
1714580401,6,1
1714580601,6,1
1714580602,6,1
1714582001,10,2
1714582701,6,1
1714584101,10,1
1714584102,10,2
1714585401,6,2
1714585501,11,2
1714585502,11,1
1714586601,6,1
1714586602,6,2
1714586603,1,1
1714586604,1,2
1714591501,7,2
1714594201,6,1
1714595801,7,2
1714596101,9,1
1714596102,9,1
1714596601,6,1
1714596602,6,1
1714598901,10,1
1714607401,8,2
1714607601,8,1
1714607602,7,1
1714611001,7,1
1714611002,8,2
1714611003,2,1
1714611004,2,1
1714612501,9,2
1714612901,6,1
1714612902,6,2
1714613101,6,2
1714618801,8,1
1714618802,7,1
1714619601,6,1
1714619602,6,2
1714622501,9,1
1714622502,9,1
1714624101,9,2
1714624102,10,1
1714626701,6,2
1714626702,7,1
1714626703,2,1
1714628501,10,1
1714629401,10,2
1714631701,8,1
1714633701,6,2
1714633702,6,1
1714634201,8,1
1714634202,8,2
1714634203,1,2
1714634601,11,2
1714634602,11,1
1714635401,6,2
1714635402,6,1
1714636201,8,1
1714636202,8,2
1714637701,8,2
1714640301,6,2
1714640302,6,1
1714641201,6,2
1714641202,5,1
1714645301,6,2
1714645302,6,1
1714645303,6,4
1714645401,10,1
1714645402,10,2
1714646701,9,2
1714646702,10,1
1714649401,10,1
1714649402,9,2
1714651801,6,1
1714652001,9,1
1714652002,9,2
1714654801,7,2
1714654802,7,1
1714655201,6,2
1714655202,6,1
1714656501,8,1
1714659401,6,2
1714659701,6,2
1714659702,7,1
1714660401,9,2
1714663101,6,2
1714664301,9,1
1714664302,9,2
1714664303,5,2
1714666201,6,2
1714669401,11,2
1714673501,8,1
1714673502,8,2
1714673503,1,2
1714676401,8,2
1714676402,9,1
1714676403,3,1
1714676404,3,2
1714677801,8,2
1714678701,5,2
1714679501,6,2
1714679701,7,1
1714680601,10,1
1714680602,10,1
1714682801,8,1
1714682802,2,2
1714685001,5,2
1714689201,6,2
1714689202,7,1
1714691701,10,1
1714691702,9,2
1714691703,6,1
1714692401,7,1
1714692402,7,2
1714692403,2,2
1714695501,5,2
1714695502,6,1
1714696201,8,2
1714698801,10,2
1714699001,7,2
1714699002,7,1
1714699003,3,1
1714699004,2,2
1714699101,8,1
1714699901,9,2
1714699902,6,2
1714702001,8,1
1714702002,7,2
1714702003,3,1
1714704301,6,1
1714704302,5,2
1714705601,11,1
1714705602,11,2
1714708601,8,1
1714708602,8,2
1714708603,1,2
1714710401,8,2
1714710402,9,2
1714711201,6,2
1714711202,6,1
1714711301,7,2
1714712401,5,1
1714712402,6,2
1714717301,8,1
1714717302,8,1
1714717501,6,2
1714718801,11,1
1714718802,10,2
1714721501,7,2
1714724001,8,2
1714724002,8,1
1714726501,6,1
1714733001,7,1
1714733701,9,2
1714735301,6,1
1714735302,6,2
1714737801,7,2
1714738501,9,2
1714740801,11,1
1714740802,10,2
1714741901,7,2
1714741902,8,1
1714741903,1,1
1714744101,7,2
1714745401,10,1
1714746101,6,1
1714746102,6,2
1714746501,6,1
1714747201,8,2
1714748501,7,2
1714752801,10,1
1714754701,9,1
1714754702,9,2
1714754703,6,2
1714756201,7,1
1714756202,7,2
1714756501,6,2
1714757001,6,2
1714757002,6,1
1714757003,1,1
1714757601,5,2
1714758901,9,2
1714759201,6,1
1714759202,5,4
1714759601,8,2
1714765101,9,1
1714765102,7,1
1714765601,6,1
1714769201,9,1
1714769202,9,2
1714769203,9,2
1714769301,10,1
1714769302,9,2
1714769303,6,1
1714769401,9,1
1714769402,8,2
1714773101,10,2
1714773102,10,1
1714773401,9,1
1714773402,9,2
1714773901,6,1
1714773902,5,2
1714775301,11,2
1714775302,12,1
1714776101,5,1
1714779701,6,2
1714780401,6,1
1714782601,5,1
1714784601,10,2
1714784901,7,1
1714784902,7,2
1714787901,10,1
1714787902,10,2
1714790401,9,2
1714790402,6,1
1714794901,6,1
1714800501,6,1
1714801001,6,2
1714801301,6,1
1714801302,6,1
1714801801,11,1
1714801802,11,2
1714802501,7,1
1714802502,7,2
1714802503,2,1
1714802504,1,2
1714803501,5,2
1714807001,6,2
1714810201,7,1
1714810202,7,2
1714810203,1,1
1714815501,6,2
1714815502,6,1
1714818101,7,1
1714818501,6,1
1714818502,6,2
1714820101,10,2
1714820801,7,4
1714821401,8,2
1714821402,8,1
1714821403,2,1
1714823601,6,1
1714823701,8,2
1714828501,10,1
1714828502,10,2
1714831701,11,1
1714831702,10,2
1714839401,6,1
1714839402,11,2
1714841601,7,2
1714841602,7,2
1714841603,1,1
1714842901,12,2
1714843501,9,2
1714844201,11,1
1714844202,10,2
1714845901,7,2
1714845902,7,1
1714846401,7,4
1714846402,6,4
1714848501,6,2
1714848502,7,1
1714852201,5,1
1714855501,7,1
1714855502,6,2
1714857401,9,2
1714858601,6,1
1714862801,7,1
1714864401,6,1
1714864402,6,2
1714864901,6,2
1714868201,10,2
1714868202,10,1
1714869601,7,1
1714869801,10,2
1714874401,6,2
1714874402,6,1
1714879201,6,1
1714879301,10,2
1714879701,7,1
1714879702,7,2
1714880001,6,1
1714880002,6,1
1714883601,7,1
1714883602,7,2
1714884001,5,2
1714885201,9,2
1714885202,9,1
1714885701,6,1
1714885702,6,2
1714885703,2,1
1714885704,1,2
1714886901,10,2
1714886902,10,2
1714888601,9,2
1714888602,8,1
1714888603,3,1
1714893001,7,2
1714893002,7,1
1714893003,2,2
1714893004,1,1
1714895301,9,1
1714895601,10,1
1714895602,11,2
1714896301,10,2
1714896401,10,2
1714896402,11,1
1714896901,8,2
1714896902,7,2
1714896903,1,4
1714896904,11,2
1714905601,11,1
1714905602,10,2
1714908301,6,1
1714908302,6,2
1714908303,1,2
1714912301,6,2
1714912302,6,1
1714912303,1,1
1714913101,7,1
1714913102,7,2
1714913901,12,2
1714917001,7,1
1714917002,7,2
1714924701,7,2
1714924702,7,1
1714928501,8,2
1714928502,8,1
1714928503,3,1
1714929301,6,1
1714930701,8,1
1714930702,6,1
1714930703,6,1
1714934001,10,1
1714935201,9,2
1714935202,10,1
1714937001,9,1
1714937002,5,1
1714937003,4,2
1714937601,9,1
1714937602,8,1
1714937801,8,1
1714938001,8,2
1714940901,9,2
1714941501,8,2
1714941502,9,1
1714943101,7,2
1714944501,8,1
1714944502,8,2
1714944503,5,2
1714944504,4,1
1714945101,5,1
1714945501,6,2
1714945502,6,1
1714945701,7,2
1714945702,7,1
1714945703,2,1
1714945704,2,1
1714946101,6,1
1714950701,8,1
1714950901,6,2
1714950902,6,1
1714951501,7,2
1714951502,7,1
1714951503,2,2
1714951504,2,2
1714951505,1,1
1714952701,7,2
1714953001,8,2
1714953002,8,1
1714953003,5,2
1714954101,9,1
1714954102,9,2
1714954103,4,2
1714954501,6,2
1714954502,1,2
1714954503,7,1
1714955401,6,1
1714958501,6,2
1714958502,6,2
1714958503,6,2
1714959001,7,1
1714959101,6,2
1714959601,9,2
1714960001,6,1
1714960002,6,2
1714960003,2,1
1714960004,1,2
1714960401,6,1
1714961001,8,2
1714961002,5,1
1714961701,6,2
1714961702,6,2
1714963201,6,2
1714965001,6,1
1714965002,7,2
1714965901,6,1
1714966601,8,1
1714970901,7,2
1714970902,10,2
1714973201,7,2
1714973202,7,1
1714973301,6,1
1714974001,10,1
1714976701,6,2
1714976702,7,1
1714976901,7,2
1714976902,7,1
1714977801,6,2
1714977802,6,2
1714977901,6,2
1714977902,6,1
1714978701,10,1
1714978702,9,2
1714980401,8,1
1714980901,9,1
1714987901,9,2
1714989101,9,2
1714991001,7,1
1714991002,5,2
1714992201,7,2
1714993201,7,1
1714993202,7,2
1714993203,1,1
1714993204,1,2
1714994101,6,1
1714994102,6,2
1714995701,6,1
1714996801,6,2
1714996802,6,1
1714996803,1,2
1714997601,6,2
1714997602,7,1
1714997801,6,1
1714997802,6,2
1714998101,7,2
1715000801,7,1
1715000802,6,2
1715000803,1,2
1715001301,7,1
1715001302,7,2
1715001303,9,1
1715001304,2,1
1715001305,2,2
1715004001,7,1
1715004002,7,2
1715004003,1,2
1715004004,1,2
1715005301,8,2
1715005302,8,1
1715005401,6,1
1715005402,6,2
1715005501,7,1
1715005502,6,2
1715006201,10,1
1715006202,10,2
1715007501,10,1
1715007502,9,2
1715009401,7,2
1715009402,6,1
1715009403,2,1
1715009404,1,2
1715009405,1,1
1715009901,9,1
1715009902,9,2
1715013101,8,1
1715013102,7,2
1715013103,5,2
1715013104,4,1
1715018201,6,2
1715018701,7,1
1715018702,8,2
1715018703,2,1
1715020101,9,4
1715023901,9,4
1715023902,5,4
1715025201,10,2
1715025202,10,1
1715031001,6,2
1715033001,7,2
1715033002,7,1
1715033003,2,1
1715036301,7,2
1715038301,10,1
1715040001,9,1
1715040701,7,1
1715040702,7,2
1715040703,2,2
1715042901,8,4
1715042902,5,4
1715043301,6,1
1715043302,7,2
1715043501,6,1
1715043502,7,2
1715044201,8,2
1715044202,6,2
1715046501,7,2
1715046502,7,1
1715047201,9,1
1715047202,8,2
1715047203,5,2
1715048201,9,1
1715048202,8,2
1715048203,3,2
1715051001,11,1
1715055101,6,2
1715055601,6,2
1715057901,6,1
1715057902,6,2
1715059901,6,1
1715059902,6,2
1715060101,9,2
1715060401,7,2
1715062601,7,1
1715062602,6,2
1715062603,1,2
1715063001,9,2
1715064001,10,2
1715066501,6,2
1715066502,6,1
1715066503,1,2
1715066504,1,2
1715068001,7,1
1715068002,7,2
1715068003,1,1
1715070401,6,2
1715070402,7,1
1715071001,9,2
1715074001,6,1
1715077701,6,2
1715077702,6,1
1715084301,8,2
1715084701,7,1
1715084702,7,2
1715084703,2,2
1715084704,2,1
1715086201,6,1
1715086202,6,2
1715088701,10,4
1715088702,8,4
1715090301,10,1
1715090302,10,2
1715090901,10,2
1715091001,7,2
1715091002,7,1
1715092601,7,2
1715092602,7,1
1715096201,9,1
1715096501,6,1
1715096601,7,1
1715096602,6,2
1715098001,6,1
1715098002,6,2
1715098501,9,1
1715098502,9,2
1715098901,6,1
1715098902,6,1
1715101001,6,1
1715101002,6,2
1715101501,10,1
1715102001,7,1
1715102002,7,2
1715102003,1,1
1715102901,6,2
1715102902,6,1
1715103701,7,1
1715103702,7,2
1715103703,2,1
1715105801,5,1
1715105802,8,1
1715105803,9,2
1715110401,6,1
1715114301,7,2
1715114302,7,1
1715114601,6,1
1715114701,6,2
1715114702,6,1
1715114703,1,2
1715114704,1,2
1715114705,6,2
1715114706,1,1
1715114707,5,2
1715114708,6,1
1715114709,5,2
1715114901,10,2
1715117601,9,1
1715117602,9,2
1715118301,8,1
1715118701,7,1
1715118702,7,2
1715118703,2,1
1715118704,1,2
1715119501,6,2
1715119502,7,1
1715121001,11,1
1715121002,11,2
1715122601,6,1
1715125001,9,2
1715125002,10,1
1715127401,6,1
1715127601,8,2
1715128101,8,1
1715128102,8,2
1715128501,10,1
1715128502,9,2
1715133001,11,2
1715133701,5,1
1715133702,5,1
1715133703,5,1
1715135301,7,1
1715135302,7,2
1715135303,2,1
1715138301,8,1
1715140301,6,2
1715140302,6,1
1715140303,1,2
1715146001,5,1
1715147501,6,1
1715149901,7,1
1715153201,6,1
1715153202,6,2
1715153203,6,1
1715156101,6,1
1715156102,7,2
1715157601,6,1
1715159901,6,2
1715159902,6,1
1715165601,7,2
1715165602,7,1
1715165603,2,1
1715165604,2,1
1715171601,8,1
1715171602,8,2
1715171603,2,2
1715173801,10,2
1715175201,7,1
1715175202,6,2
1715178001,9,2
1715178002,6,2
1715178003,2,2
1715181501,5,4
1715182901,9,2
1715183101,9,1
1715187101,9,2
1715187102,9,1
1715187801,9,1
1715187802,7,2
1715188001,6,1
1715188002,6,2
1715188003,1,1
1715189701,6,1
1715189901,6,2
1715189902,6,1
1715189903,1,2
1715189904,1,2
1715190401,8,2
1715190701,6,2
1715191001,7,1
1715191002,7,2
1715191003,3,2
1715192201,11,2
1715192202,11,1
1715193701,6,1
1715194501,7,2
1715194502,1,1
1715194601,5,1
1715194602,5,2
1715194603,1,1
1715194604,1,1
1715195001,6,2
1715195002,7,1
1715195201,11,2
1715195601,7,2
1715195901,6,1
1715195902,6,1
1715196901,6,2
1715196902,6,1
1715196903,1,4
1715198201,12,2
1715200101,6,1
1715200401,8,1
1715200402,8,2
1715200403,4,2
1715200501,6,2
1715203001,6,1
1715208401,9,2
1715210301,6,1
1715210901,9,2
1715211101,7,1
1715211102,6,2
1715212801,8,2
1715213201,6,2
1715216601,6,2
1715216602,7,1
1715219001,5,2
1715219801,6,2
1715219802,6,1
1715220101,6,4
1715220102,7,4
1715221301,10,2
1715221302,10,1
1715222101,9,2
1715222102,9,1
1715222103,5,2
1715222401,10,1
1715223701,8,1
1715223702,8,1
1715223703,6,1
1715223801,11,1
1715223802,11,2
1715225401,10,2
1715225601,8,1
1715225602,6,2
1715225603,10,1
1715225604,10,2
1715227101,5,1
1715229601,6,2
1715229602,7,1
1715229901,7,1
1715229902,12,2
1715230001,6,2
1715230101,8,4
1715230102,9,4
1715233301,10,2
1715234201,8,1
1715234202,2,1
1715236601,6,2
1715236602,6,2
1715236603,6,1
1715236604,6,1
1715239001,9,1
1715239002,9,2
1715239003,6,1
1715239901,5,2
1715239902,5,1
1715240901,6,1
1715240902,6,2
1715240903,2,1
1715240904,1,1
1715244801,6,1
1715244802,6,2
1715245101,6,2
1715245102,6,1
1715245601,6,1
1715245602,6,1
1715246401,9,1
1715246402,9,2
1715246701,8,2
1715249301,7,1
1715249302,7,2
1715249303,1,4
1715256001,5,1
1715256002,5,2
1715256003,5,1
1715265101,8,2
1715265102,8,1
1715265103,4,1
1715265104,3,1
1715265901,10,2
1715266901,11,2
1715267101,6,1
1715267102,5,2
1715275301,9,1
1715275302,9,2
1715275303,4,2
1715278901,9,1
1715278902,8,2
1715280001,10,1
1715280002,9,2
1715280301,7,1
1715280801,5,2
1715280802,6,2
1715281101,7,2
1715281102,9,1
1715286801,5,1
1715288701,6,2
1715288702,6,2
1715291301,10,1
1715296101,10,2
1715296102,11,1
1715298901,8,2
1715298902,8,1
1715298903,3,2
1715298904,2,1
1715302401,5,2
1715302402,6,1
1715304701,5,1
1715308001,9,2
1715308002,10,1
1715308501,6,1
1715308502,6,1
1715308503,6,1
1715309001,7,2
1715309002,3,1
1715310401,6,1
1715310402,5,2
1715310701,7,2
1715311601,10,2
1715312601,8,2
1715312602,6,2
1715313801,6,1
1715314501,8,2
1715315901,6,2
1715315902,6,2
1715315903,6,3
1715320501,10,1
1715320502,10,2
1715321101,7,2
1715321102,7,1
1715321701,7,2
1715321702,6,1
1715322601,5,2
1715322602,6,1
1715324301,7,2
1715324302,6,1
1715324303,4,2
1715324304,3,1
1715324305,2,2
1715326201,6,2
1715328701,9,2
1715328702,10,1
1715328703,6,2
1715330501,5,2
1715333601,9,2
1715333602,8,1
1715333901,9,2
1715333902,8,1
1715333903,5,2
1715334801,8,2
1715336701,9,1
1715336702,8,2
1715336703,3,2
1715336704,2,2
1715338401,10,2
1715338801,6,1
1715339201,5,1
1715339701,8,2
1715339801,6,1
1715341201,6,1
1715341202,5000,2
1715341401,6,1
1715341402,6,2
1715342401,7,1
1715344301,10,1
1715344302,10,2
1715344401,7,2
1715344402,7,1
1715344403,2,1
1715346801,5,2
1715346802,6,2
1715347901,10,2
1715347902,11,1
1715349301,6,1
1715350601,6,1
1715355301,9,2
1715355302,6,1
1715356301,7,2
1715356302,6,1
1715358601,6,1
1715358602,6,2
1715358701,6,2
1715358702,6,1
1715360801,12,2
1715361401,6,2
1715361402,6,1
1715363201,9,2
1715363202,10,2
1715368101,6,2
1715368102,6,1
1715368801,9,2
1715369001,9,2
1715369002,9,1
1715370201,10,1
1715370202,10,2
1715371601,7,2
1715372501,8,1
1715373001,7,1
1715373002,6,2
1715373003,1,2
1715373004,1,2
1715374901,8,1
1715374902,7,2
1715374903,2,2
1715374904,2,1
1715375101,9,2
1715378801,6,1
1715382901,7,1
1715382902,6,1
1715383201,6,1
1715383401,7,1
1715383402,6,2
1715383403,1,2
1715383404,1,2
1715385201,6,1
1715386001,6,3
1715386501,7,1
1715386502,1,2
1715391301,7,1
1715393201,7,2
1715395901,10,1
1715395902,10,2
1715397801,8,2
1715397802,8,1
1715397803,5,1
1715397804,2,1
1715402001,6,3
1715402002,6,3
1715410101,7,1
1715410102,6,2
1715410801,5,1
1715412901,9,1
1715412902,10,2
1715415201,7,1
1715415202,8,2
1715415203,2,2
1715419901,7,2
1715419902,6,1
